country,year,month,month_name,weekday,weekday_name,ordinary_weekday_count,weekday_public_holiday_count,matching_baseline_mwh,ordinary_weekday_mean_deviation_pct,weekday_public_holiday_mean_deviation_pct,weekday_public_holiday_median_deviation_pct,weekday_public_holiday_first_quartile_pct,weekday_public_holiday_third_quartile_pct
Austria,2020,1,January,0,Monday,3,1,8608.32,-0.00,-20.99,-20.99,-20.99,-20.99
Austria,2020,1,January,2,Wednesday,4,1,8716.40,0.00,-27.43,-27.43,-27.43,-27.43
Austria,2020,4,April,0,Monday,3,1,6334.20,-0.00,-21.09,-21.09,-21.09,-21.09
Austria,2020,5,May,3,Thursday,3,1,6671.07,-0.00,-19.62,-19.62,-19.62,-19.62
Austria,2020,5,May,4,Friday,4,1,6388.16,0.00,-17.49,-17.49,-17.49,-17.49
Austria,2020,6,June,0,Monday,4,1,6767.39,0.00,-24.43,-24.43,-24.43,-24.43
Austria,2020,6,June,3,Thursday,3,1,6795.91,0.00,-21.77,-21.77,-21.77,-21.77
Austria,2020,10,October,0,Monday,3,1,7583.19,0.00,-19.03,-19.03,-19.03,-19.03
Austria,2020,12,December,1,Tuesday,4,1,8127.37,-0.00,-10.86,-10.86,-10.86,-10.86
Austria,2020,12,December,4,Friday,3,1,8491.59,0.00,-25.99,-25.99,-25.99,-25.99
Austria,2021,1,January,2,Wednesday,3,1,8490.16,0.00,-17.91,-17.91,-17.91,-17.91
Austria,2021,1,January,4,Friday,4,1,8178.89,0.00,-20.60,-20.60,-20.60,-20.60
Austria,2021,4,April,0,Monday,3,1,7419.03,0.00,-22.25,-22.25,-22.25,-22.25
Austria,2021,5,May,0,Monday,4,1,6978.80,-0.00,-14.61,-14.61,-14.61,-14.61
Austria,2021,5,May,3,Thursday,3,1,7343.15,0.00,-17.95,-17.95,-17.95,-17.95
Austria,2021,6,June,3,Thursday,3,1,7307.92,-0.00,-21.56,-21.56,-21.56,-21.56
Austria,2021,10,October,1,Tuesday,3,1,7623.55,0.00,-15.49,-15.49,-15.49,-15.49
Austria,2021,11,November,0,Monday,4,1,7763.55,0.00,-21.48,-21.48,-21.48,-21.48
Austria,2021,12,December,2,Wednesday,4,1,8353.08,-0.00,-7.54,-7.54,-7.54,-7.54
Austria,2022,1,January,3,Thursday,3,1,8449.31,0.00,-17.41,-17.41,-17.41,-17.41
Austria,2022,4,April,0,Monday,3,1,7467.35,-0.00,-14.14,-14.14,-14.14,-14.14
Austria,2022,5,May,3,Thursday,3,1,6984.32,-0.00,-18.33,-18.33,-18.33,-18.33
Austria,2022,6,June,0,Monday,3,1,7049.12,0.00,-23.23,-23.23,-23.23,-23.23
Austria,2022,6,June,3,Thursday,4,1,7135.22,-0.00,-20.52,-20.52,-20.52,-20.52
Austria,2022,8,August,0,Monday,4,1,6606.98,-0.00,-18.77,-18.77,-18.77,-18.77
Austria,2022,10,October,2,Wednesday,3,1,7039.17,0.00,-16.25,-16.25,-16.25,-16.25
Austria,2022,11,November,1,Tuesday,4,1,7831.81,-0.00,-27.80,-27.80,-27.80,-27.80
Austria,2022,12,December,0,Monday,3,1,8480.73,0.00,-28.37,-28.37,-28.37,-28.37
Austria,2022,12,December,3,Thursday,4,1,7944.62,0.00,-9.40,-9.40,-9.40,-9.40
Austria,2023,1,January,4,Friday,3,1,8273.99,-0.00,-25.69,-25.69,-25.69,-25.69
Austria,2023,4,April,0,Monday,3,1,7028.70,-0.00,-23.14,-23.14,-23.14,-23.14
Austria,2023,5,May,0,Monday,3,2,6408.50,0.00,-22.34,-22.34,-23.62,-21.07
Austria,2023,5,May,3,Thursday,3,1,6525.35,0.00,-12.51,-12.51,-12.51,-12.51
Austria,2023,6,June,3,Thursday,4,1,6209.35,0.00,-20.69,-20.69,-20.69,-20.69
Austria,2023,8,August,1,Tuesday,4,1,6441.42,-0.00,-19.86,-19.86,-19.86,-19.86
Austria,2023,10,October,3,Thursday,3,1,6832.12,-0.00,-16.65,-16.65,-16.65,-16.65
Austria,2023,11,November,2,Wednesday,4,1,7770.58,0.00,-26.41,-26.41,-26.41,-26.41
Austria,2023,12,December,0,Monday,3,1,8402.91,-0.00,-32.70,-32.70,-32.70,-32.70
Austria,2023,12,December,1,Tuesday,3,1,8323.58,0.00,-29.85,-29.85,-29.85,-29.85
Austria,2023,12,December,4,Friday,4,1,7564.40,-0.00,-0.55,-0.55,-0.55,-0.55
Austria,2024,1,January,0,Monday,4,1,8430.43,0.00,-28.67,-28.67,-28.67,-28.67
Austria,2024,4,April,0,Monday,4,1,6496.36,-0.00,-17.04,-17.04,-17.04,-17.04
Austria,2024,5,May,0,Monday,3,1,6272.08,0.00,-21.26,-21.26,-21.26,-21.26
Austria,2024,5,May,2,Wednesday,4,1,6484.87,-0.00,-19.16,-19.16,-19.16,-19.16
Austria,2024,5,May,3,Thursday,3,2,6473.15,0.00,-19.63,-19.63,-20.09,-19.16
Austria,2024,8,August,3,Thursday,4,1,6511.76,-0.00,-17.12,-17.12,-17.12,-17.12
Austria,2024,11,November,4,Friday,4,1,8106.58,0.00,-30.46,-30.46,-30.46,-30.46
Austria,2024,12,December,2,Wednesday,3,1,8453.61,0.00,-24.47,-24.47,-24.47,-24.47
Austria,2024,12,December,3,Thursday,3,1,8381.19,-0.00,-21.72,-21.72,-21.72,-21.72
Austria,2025,1,January,0,Monday,3,1,8421.33,-0.00,-20.32,-20.32,-20.32,-20.32
Austria,2025,1,January,2,Wednesday,4,1,8441.16,0.00,-20.39,-20.39,-20.39,-20.39
Austria,2025,4,April,0,Monday,3,1,6501.82,-0.00,-23.35,-23.35,-23.35,-23.35
Austria,2025,5,May,3,Thursday,3,2,6876.47,-0.00,-23.98,-23.98,-25.48,-22.47
Austria,2025,6,June,0,Monday,4,1,6535.40,0.00,-25.44,-25.44,-25.44,-25.44
Austria,2025,6,June,3,Thursday,3,1,6589.95,0.00,-20.78,-20.78,-20.78,-20.78
Austria,2025,8,August,4,Friday,4,1,6317.88,0.00,-17.87,-17.87,-17.87,-17.87
Austria,2025,12,December,0,Monday,4,1,8002.64,0.00,-16.45,-16.45,-16.45,-16.45
Austria,2025,12,December,3,Thursday,3,1,8407.32,0.00,-17.81,-17.81,-17.81,-17.81
Austria,2025,12,December,4,Friday,3,1,8182.02,-0.00,-16.11,-16.11,-16.11,-16.11
Germany,2020,1,January,2,Wednesday,4,1,66672.43,0.00,-31.86,-31.86,-31.86,-31.86
Germany,2020,4,April,0,Monday,3,1,53083.90,-0.00,-18.04,-18.04,-18.04,-18.04
Germany,2020,4,April,4,Friday,3,1,53761.86,0.00,-19.77,-19.77,-19.77,-19.77
Germany,2020,5,May,3,Thursday,3,1,54153.06,-0.00,-21.55,-21.55,-21.55,-21.55
Germany,2020,5,May,4,Friday,4,1,51478.04,-0.00,-14.86,-14.86,-14.86,-14.86
Germany,2020,6,June,0,Monday,4,1,52900.33,-0.00,-22.50,-22.50,-22.50,-22.50
Germany,2020,12,December,4,Friday,3,1,64235.15,-0.00,-28.97,-28.97,-28.97,-28.97
Germany,2021,1,January,4,Friday,4,1,64747.55,0.00,-29.28,-29.28,-29.28,-29.28
Germany,2021,4,April,0,Monday,3,1,59603.98,-0.00,-15.60,-15.60,-15.60,-15.60
Germany,2021,4,April,4,Friday,4,1,60425.72,-0.00,-19.41,-19.41,-19.41,-19.41
Germany,2021,5,May,0,Monday,4,1,57084.98,0.00,-20.04,-20.04,-20.04,-20.04
Germany,2021,5,May,3,Thursday,3,1,59890.06,0.00,-21.46,-21.46,-21.46,-21.46
Germany,2022,4,April,0,Monday,3,1,59952.38,0.00,-27.54,-27.54,-27.54,-27.54
Germany,2022,4,April,4,Friday,4,1,60571.79,0.00,-22.62,-22.62,-22.62,-22.62
Germany,2022,5,May,3,Thursday,3,1,58249.53,-0.00,-19.27,-19.27,-19.27,-19.27
Germany,2022,6,June,0,Monday,3,1,54874.56,-0.00,-20.05,-20.05,-20.05,-20.05
Germany,2022,10,October,0,Monday,4,1,53343.97,0.00,-16.00,-16.00,-16.00,-16.00
Germany,2022,12,December,0,Monday,3,1,60986.05,-0.00,-28.40,-28.40,-28.40,-28.40
Germany,2023,4,April,0,Monday,3,1,54032.77,-0.00,-23.56,-23.56,-23.56,-23.56
Germany,2023,4,April,4,Friday,3,1,53058.86,0.00,-14.55,-14.55,-14.55,-14.55
Germany,2023,5,May,0,Monday,3,2,52383.62,-0.00,-23.91,-23.91,-25.17,-22.65
Germany,2023,5,May,3,Thursday,3,1,53438.86,0.00,-22.25,-22.25,-22.25,-22.25
Germany,2023,10,October,1,Tuesday,4,1,55914.43,0.00,-21.08,-21.08,-21.08,-21.08
Germany,2023,12,December,0,Monday,3,1,61313.28,0.00,-28.02,-28.02,-28.02,-28.02
Germany,2023,12,December,1,Tuesday,3,1,62068.24,-0.00,-27.69,-27.69,-27.69,-27.69
Germany,2024,1,January,0,Monday,4,1,62568.25,0.00,-32.00,-32.00,-32.00,-32.00
Germany,2024,3,March,4,Friday,4,1,57605.29,0.00,-18.84,-18.84,-18.84,-18.84
Germany,2024,4,April,0,Monday,4,1,53476.49,0.00,-18.85,-18.85,-18.85,-18.85
Germany,2024,5,May,0,Monday,3,1,52214.85,0.00,-23.04,-23.04,-23.04,-23.04
Germany,2024,5,May,2,Wednesday,4,1,53671.75,0.00,-24.10,-24.10,-24.10,-24.10
Germany,2024,5,May,3,Thursday,4,1,50955.32,-0.00,-16.86,-16.86,-16.86,-16.86
Germany,2024,10,October,3,Thursday,4,1,55011.58,-0.00,-17.01,-17.01,-17.01,-17.01
Germany,2024,12,December,2,Wednesday,3,1,61273.51,-0.00,-26.02,-26.02,-26.02,-26.02
Germany,2024,12,December,3,Thursday,3,1,60894.45,0.00,-26.59,-26.59,-26.59,-26.59
Germany,2025,1,January,2,Wednesday,4,1,63178.16,0.00,-22.15,-22.15,-22.15,-22.15
Germany,2025,4,April,0,Monday,3,1,52687.92,-0.00,-22.32,-22.32,-22.32,-22.32
Germany,2025,4,April,4,Friday,3,1,53886.22,-0.00,-16.56,-16.56,-16.56,-16.56
Germany,2025,5,May,3,Thursday,3,2,53231.23,-0.00,-21.10,-21.10,-22.08,-20.13
Germany,2025,6,June,0,Monday,4,1,52727.09,-0.00,-22.78,-22.78,-22.78,-22.78
Germany,2025,10,October,4,Friday,4,1,56789.13,-0.00,-19.56,-19.56,-19.56,-19.56
Germany,2025,12,December,3,Thursday,3,1,62748.40,-0.00,-23.34,-23.34,-23.34,-23.34
Germany,2025,12,December,4,Friday,3,1,60287.57,0.00,-20.14,-20.14,-20.14,-20.14
