country,specification_id,p,d,q,diagnostic,lag,value,threshold,flagged
Germany,arima_p0_d1_q0,0,1,0,residual_acf,1,0.8114111640391055,0.05,True
Germany,arima_p0_d1_q0,0,1,0,residual_acf,2,0.5143162000541192,0.05,True
Germany,arima_p0_d1_q0,0,1,0,residual_acf,3,0.2522362687846604,0.05,True
Germany,arima_p0_d1_q0,0,1,0,residual_acf,4,0.052539643700318675,0.05,True
Germany,arima_p0_d1_q0,0,1,0,residual_acf,5,-0.12137464611155875,0.05,True
Germany,arima_p0_d1_q0,0,1,0,residual_acf,6,-0.2714271803699089,0.05,True
Germany,arima_p0_d1_q0,0,1,0,residual_acf,7,-0.35949192157703064,0.05,True
Germany,arima_p0_d1_q0,0,1,0,residual_acf,8,-0.37161740693527684,0.05,True
Germany,arima_p0_d1_q0,0,1,0,residual_acf,9,-0.32986811979987946,0.05,True
Germany,arima_p0_d1_q0,0,1,0,residual_acf,10,-0.25588228784532374,0.05,True
Germany,arima_p0_d1_q0,0,1,0,residual_acf,11,-0.1766625345786129,0.05,True
Germany,arima_p0_d1_q0,0,1,0,residual_acf,12,-0.1523882480728498,0.05,True
Germany,arima_p0_d1_q0,0,1,0,residual_acf,13,-0.17690639126479452,0.05,True
Germany,arima_p0_d1_q0,0,1,0,residual_acf,14,-0.267139233618319,0.05,True
Germany,arima_p0_d1_q0,0,1,0,residual_acf,15,-0.35207544596777807,0.05,True
Germany,arima_p0_d1_q0,0,1,0,residual_acf,16,-0.3977837931381319,0.05,True
Germany,arima_p0_d1_q0,0,1,0,residual_acf,17,-0.3794430394705099,0.05,True
Germany,arima_p0_d1_q0,0,1,0,residual_acf,18,-0.2806991042357177,0.05,True
Germany,arima_p0_d1_q0,0,1,0,residual_acf,19,-0.1176758173345061,0.05,True
Germany,arima_p0_d1_q0,0,1,0,residual_acf,20,0.06073009459469821,0.05,True
Germany,arima_p0_d1_q0,0,1,0,residual_acf,21,0.2539385249596112,0.05,True
Germany,arima_p0_d1_q0,0,1,0,residual_acf,22,0.4858701146536341,0.05,True
Germany,arima_p0_d1_q0,0,1,0,residual_acf,23,0.7395496176624012,0.05,True
Germany,arima_p0_d1_q0,0,1,0,residual_acf,24,0.8893055155176928,0.05,True
Germany,arima_p0_d1_q0,0,1,0,residual_acf,25,0.7478137744079782,0.05,True
Germany,arima_p0_d1_q0,0,1,0,residual_acf,26,0.4943281285471271,0.05,True
Germany,arima_p0_d1_q0,0,1,0,residual_acf,27,0.2544956696710545,0.05,True
Germany,arima_p0_d1_q0,0,1,0,residual_acf,28,0.056658710277906,0.05,True
Germany,arima_p0_d1_q0,0,1,0,residual_acf,29,-0.12210054209433598,0.05,True
Germany,arima_p0_d1_q0,0,1,0,residual_acf,30,-0.2752016453335729,0.05,True
Germany,arima_p0_d1_q0,0,1,0,residual_acf,31,-0.3593330282594749,0.05,True
Germany,arima_p0_d1_q0,0,1,0,residual_acf,32,-0.36361243169263807,0.05,True
Germany,arima_p0_d1_q0,0,1,0,residual_acf,33,-0.31937796571621124,0.05,True
Germany,arima_p0_d1_q0,0,1,0,residual_acf,34,-0.2488551415517982,0.05,True
Germany,arima_p0_d1_q0,0,1,0,residual_acf,35,-0.17542169687641093,0.05,True
Germany,arima_p0_d1_q0,0,1,0,residual_acf,36,-0.15113968947993986,0.05,True
Germany,arima_p0_d1_q0,0,1,0,residual_acf,37,-0.1744027375849776,0.05,True
Germany,arima_p0_d1_q0,0,1,0,residual_acf,38,-0.25796170999987605,0.05,True
Germany,arima_p0_d1_q0,0,1,0,residual_acf,39,-0.3390817213847149,0.05,True
Germany,arima_p0_d1_q0,0,1,0,residual_acf,40,-0.3856287877611093,0.05,True
Germany,arima_p0_d1_q0,0,1,0,residual_acf,41,-0.373987795970591,0.05,True
Germany,arima_p0_d1_q0,0,1,0,residual_acf,42,-0.2791895913105571,0.05,True
Germany,arima_p0_d1_q0,0,1,0,residual_acf,43,-0.11497518284564921,0.05,True
Germany,arima_p0_d1_q0,0,1,0,residual_acf,44,0.06815740998804617,0.05,True
Germany,arima_p0_d1_q0,0,1,0,residual_acf,45,0.26153178448435876,0.05,True
Germany,arima_p0_d1_q0,0,1,0,residual_acf,46,0.4744256904899944,0.05,True
Germany,arima_p0_d1_q0,0,1,0,residual_acf,47,0.6917920788857678,0.05,True
Germany,arima_p0_d1_q0,0,1,0,residual_acf,48,0.8166482189552633,0.05,True
Germany,arima_p0_d1_q0,0,1,0,ljung_box_statistic,24,134519.48366539768,0.01,True
Germany,arima_p0_d1_q0,0,1,0,ljung_box_pvalue,24,0.0,0.01,True
Germany,arima_p0_d1_q0,0,1,0,ljung_box_statistic,48,256471.3778709203,0.01,True
Germany,arima_p0_d1_q0,0,1,0,ljung_box_pvalue,48,0.0,0.01,True
Germany,arima_p1_d1_q0,1,1,0,residual_acf,1,0.3455533023017553,0.05,True
Germany,arima_p1_d1_q0,1,1,0,residual_acf,2,-0.025778068523619753,0.05,False
Germany,arima_p1_d1_q0,1,1,0,residual_acf,3,-0.11927968659121232,0.05,True
Germany,arima_p1_d1_q0,1,1,0,residual_acf,4,-0.054937506418497775,0.05,True
Germany,arima_p1_d1_q0,1,1,0,residual_acf,5,-0.06958813304064311,0.05,True
Germany,arima_p1_d1_q0,1,1,0,residual_acf,6,-0.1760499019325577,0.05,True
Germany,arima_p1_d1_q0,1,1,0,residual_acf,7,-0.21879249036825452,0.05,True
Germany,arima_p1_d1_q0,1,1,0,residual_acf,8,-0.16816448202649292,0.05,True
Germany,arima_p1_d1_q0,1,1,0,residual_acf,9,-0.1125056572898054,0.05,True
Germany,arima_p1_d1_q0,1,1,0,residual_acf,10,-0.040627397568858276,0.05,False
Germany,arima_p1_d1_q0,1,1,0,residual_acf,11,0.11011391752643337,0.05,True
Germany,arima_p1_d1_q0,1,1,0,residual_acf,12,0.09824781879446294,0.05,True
Germany,arima_p1_d1_q0,1,1,0,residual_acf,13,0.1354285486488526,0.05,True
Germany,arima_p1_d1_q0,1,1,0,residual_acf,14,-0.042000869205689545,0.05,False
Germany,arima_p1_d1_q0,1,1,0,residual_acf,15,-0.13139426572722143,0.05,True
Germany,arima_p1_d1_q0,1,1,0,residual_acf,16,-0.19497257589947853,0.05,True
Germany,arima_p1_d1_q0,1,1,0,residual_acf,17,-0.2315283111189696,0.05,True
Germany,arima_p1_d1_q0,1,1,0,residual_acf,18,-0.18269615193659683,0.05,True
Germany,arima_p1_d1_q0,1,1,0,residual_acf,19,-0.049320272305741576,0.05,False
Germany,arima_p1_d1_q0,1,1,0,residual_acf,20,-0.02830103426058682,0.05,False
Germany,arima_p1_d1_q0,1,1,0,residual_acf,21,-0.06330962297766252,0.05,True
Germany,arima_p1_d1_q0,1,1,0,residual_acf,22,0.0023715981401831164,0.05,False
Germany,arima_p1_d1_q0,1,1,0,residual_acf,23,0.32672113906264527,0.05,True
Germany,arima_p1_d1_q0,1,1,0,residual_acf,24,0.7851513900688909,0.05,True
Germany,arima_p1_d1_q0,1,1,0,residual_acf,25,0.3468131373174664,0.05,True
Germany,arima_p1_d1_q0,1,1,0,residual_acf,26,0.02239844507292259,0.05,False
Germany,arima_p1_d1_q0,1,1,0,residual_acf,27,-0.0709197307723659,0.05,True
Germany,arima_p1_d1_q0,1,1,0,residual_acf,28,-0.03867520427292017,0.05,False
Germany,arima_p1_d1_q0,1,1,0,residual_acf,29,-0.07389787316097192,0.05,True
Germany,arima_p1_d1_q0,1,1,0,residual_acf,30,-0.19296201480153596,0.05,True
Germany,arima_p1_d1_q0,1,1,0,residual_acf,31,-0.22802567843100768,0.05,True
Germany,arima_p1_d1_q0,1,1,0,residual_acf,32,-0.15462975706579454,0.05,True
Germany,arima_p1_d1_q0,1,1,0,residual_acf,33,-0.09732637995929647,0.05,True
Germany,arima_p1_d1_q0,1,1,0,residual_acf,34,-0.03435412850554136,0.05,False
Germany,arima_p1_d1_q0,1,1,0,residual_acf,35,0.09659730441701923,0.05,True
Germany,arima_p1_d1_q0,1,1,0,residual_acf,36,0.09545108015770942,0.05,True
Germany,arima_p1_d1_q0,1,1,0,residual_acf,37,0.12290915385507478,0.05,True
Germany,arima_p1_d1_q0,1,1,0,residual_acf,38,-0.03424608689930822,0.05,False
Germany,arima_p1_d1_q0,1,1,0,residual_acf,39,-0.11898607999803536,0.05,True
Germany,arima_p1_d1_q0,1,1,0,residual_acf,40,-0.17980607242029936,0.05,True
Germany,arima_p1_d1_q0,1,1,0,residual_acf,41,-0.23744453644533028,0.05,True
Germany,arima_p1_d1_q0,1,1,0,residual_acf,42,-0.19462429111982002,0.05,True
Germany,arima_p1_d1_q0,1,1,0,residual_acf,43,-0.05736982294295688,0.05,True
Germany,arima_p1_d1_q0,1,1,0,residual_acf,44,-0.01670617709139238,0.05,False
Germany,arima_p1_d1_q0,1,1,0,residual_acf,45,-0.017177798757560994,0.05,False
Germany,arima_p1_d1_q0,1,1,0,residual_acf,46,0.041854299522895586,0.05,False
Germany,arima_p1_d1_q0,1,1,0,residual_acf,47,0.2945351878222497,0.05,True
Germany,arima_p1_d1_q0,1,1,0,residual_acf,48,0.6730637893300411,0.05,True
Germany,arima_p1_d1_q0,1,1,0,ljung_box_statistic,24,41308.29414533396,0.01,True
Germany,arima_p1_d1_q0,1,1,0,ljung_box_pvalue,24,0.0,0.01,True
Germany,arima_p1_d1_q0,1,1,0,ljung_box_statistic,48,75599.07072227924,0.01,True
Germany,arima_p1_d1_q0,1,1,0,ljung_box_pvalue,48,0.0,0.01,True
Germany,arima_p0_d1_q1,0,1,1,residual_acf,1,0.42195616254473467,0.05,True
Germany,arima_p0_d1_q1,0,1,1,residual_acf,2,0.4887949661164628,0.05,True
Germany,arima_p0_d1_q1,0,1,1,residual_acf,3,0.06477881926235485,0.05,True
Germany,arima_p0_d1_q1,0,1,1,residual_acf,4,0.11110777592633259,0.05,True
Germany,arima_p0_d1_q1,0,1,1,residual_acf,5,-0.14128049756414676,0.05,True
Germany,arima_p0_d1_q1,0,1,1,residual_acf,6,-0.1723576330948143,0.05,True
Germany,arima_p0_d1_q1,0,1,1,residual_acf,7,-0.2922075035823998,0.05,True
Germany,arima_p0_d1_q1,0,1,1,residual_acf,8,-0.2698526418553059,0.05,True
Germany,arima_p0_d1_q1,0,1,1,residual_acf,9,-0.23144751614121775,0.05,True
Germany,arima_p0_d1_q1,0,1,1,residual_acf,10,-0.21168100139659743,0.05,True
Germany,arima_p0_d1_q1,0,1,1,residual_acf,11,-0.07572408736467173,0.05,True
Germany,arima_p0_d1_q1,0,1,1,residual_acf,12,-0.14576879705875678,0.05,True
Germany,arima_p0_d1_q1,0,1,1,residual_acf,13,-0.06655261098455162,0.05,True
Germany,arima_p0_d1_q1,0,1,1,residual_acf,14,-0.23139440436390732,0.05,True
Germany,arima_p0_d1_q1,0,1,1,residual_acf,15,-0.23274272014223268,0.05,True
Germany,arima_p0_d1_q1,0,1,1,residual_acf,16,-0.312134076641298,0.05,True
Germany,arima_p0_d1_q1,0,1,1,residual_acf,17,-0.2797784235511935,0.05,True
Germany,arima_p0_d1_q1,0,1,1,residual_acf,18,-0.21380147579645806,0.05,True
Germany,arima_p0_d1_q1,0,1,1,residual_acf,19,-0.09522713797774464,0.05,True
Germany,arima_p0_d1_q1,0,1,1,residual_acf,20,0.0681116110886465,0.05,True
Germany,arima_p0_d1_q1,0,1,1,residual_acf,21,0.13114404691178616,0.05,True
Germany,arima_p0_d1_q1,0,1,1,residual_acf,22,0.3996329980895207,0.05,True
Germany,arima_p0_d1_q1,0,1,1,residual_acf,23,0.4569052751536545,0.05,True
Germany,arima_p0_d1_q1,0,1,1,residual_acf,24,0.8079572256848491,0.05,True
Germany,arima_p0_d1_q1,0,1,1,residual_acf,25,0.46151540040750605,0.05,True
Germany,arima_p0_d1_q1,0,1,1,residual_acf,26,0.4142173430468806,0.05,True
Germany,arima_p0_d1_q1,0,1,1,residual_acf,27,0.1210575862299244,0.05,True
Germany,arima_p0_d1_q1,0,1,1,residual_acf,28,0.07607562612055324,0.05,True
Germany,arima_p0_d1_q1,0,1,1,residual_acf,29,-0.1132662568760151,0.05,True
Germany,arima_p0_d1_q1,0,1,1,residual_acf,30,-0.19728196532206493,0.05,True
Germany,arima_p0_d1_q1,0,1,1,residual_acf,31,-0.2797691753593614,0.05,True
Germany,arima_p0_d1_q1,0,1,1,residual_acf,32,-0.2701702483500497,0.05,True
Germany,arima_p0_d1_q1,0,1,1,residual_acf,33,-0.21995601006749493,0.05,True
Germany,arima_p0_d1_q1,0,1,1,residual_acf,34,-0.20457498722615217,0.05,True
Germany,arima_p0_d1_q1,0,1,1,residual_acf,35,-0.08142920550970102,0.05,True
Germany,arima_p0_d1_q1,0,1,1,residual_acf,36,-0.13746451728718562,0.05,True
Germany,arima_p0_d1_q1,0,1,1,residual_acf,37,-0.07434874761352604,0.05,True
Germany,arima_p0_d1_q1,0,1,1,residual_acf,38,-0.21633356029273051,0.05,True
Germany,arima_p0_d1_q1,0,1,1,residual_acf,39,-0.22934622602318408,0.05,True
Germany,arima_p0_d1_q1,0,1,1,residual_acf,40,-0.29641880727726344,0.05,True
Germany,arima_p0_d1_q1,0,1,1,residual_acf,41,-0.28028585105802867,0.05,True
Germany,arima_p0_d1_q1,0,1,1,residual_acf,42,-0.21263277691235932,0.05,True
Germany,arima_p0_d1_q1,0,1,1,residual_acf,43,-0.0927468973477279,0.05,True
Germany,arima_p0_d1_q1,0,1,1,residual_acf,44,0.06966410865949393,0.05,True
Germany,arima_p0_d1_q1,0,1,1,residual_acf,45,0.14706142989648108,0.05,True
Germany,arima_p0_d1_q1,0,1,1,residual_acf,46,0.3872909256094203,0.05,True
Germany,arima_p0_d1_q1,0,1,1,residual_acf,47,0.43317616210023746,0.05,True
Germany,arima_p0_d1_q1,0,1,1,residual_acf,48,0.7303984170640836,0.05,True
Germany,arima_p0_d1_q1,0,1,1,ljung_box_statistic,24,75460.16150757774,0.01,True
Germany,arima_p0_d1_q1,0,1,1,ljung_box_pvalue,24,0.0,0.01,True
Germany,arima_p0_d1_q1,0,1,1,ljung_box_statistic,48,143747.3997865327,0.01,True
Germany,arima_p0_d1_q1,0,1,1,ljung_box_pvalue,48,0.0,0.01,True
Germany,arima_p1_d1_q1,1,1,1,residual_acf,1,0.056473648245081956,0.05,True
Germany,arima_p1_d1_q1,1,1,1,residual_acf,2,0.08348727977895518,0.05,True
Germany,arima_p1_d1_q1,1,1,1,residual_acf,3,-0.08915132286215638,0.05,True
Germany,arima_p1_d1_q1,1,1,1,residual_acf,4,0.008311566338347672,0.05,False
Germany,arima_p1_d1_q1,1,1,1,residual_acf,5,-0.03876093104301089,0.05,False
Germany,arima_p1_d1_q1,1,1,1,residual_acf,6,-0.12851293835696326,0.05,True
Germany,arima_p1_d1_q1,1,1,1,residual_acf,7,-0.1622920837255667,0.05,True
Germany,arima_p1_d1_q1,1,1,1,residual_acf,8,-0.1255583212538843,0.05,True
Germany,arima_p1_d1_q1,1,1,1,residual_acf,9,-0.0793195596997692,0.05,True
Germany,arima_p1_d1_q1,1,1,1,residual_acf,10,-0.09056682677666902,0.05,True
Germany,arima_p1_d1_q1,1,1,1,residual_acf,11,0.10445138708547015,0.05,True
Germany,arima_p1_d1_q1,1,1,1,residual_acf,12,-0.02732358091687999,0.05,False
Germany,arima_p1_d1_q1,1,1,1,residual_acf,13,0.12945529864955338,0.05,True
Germany,arima_p1_d1_q1,1,1,1,residual_acf,14,-0.09994906746860785,0.05,True
Germany,arima_p1_d1_q1,1,1,1,residual_acf,15,-0.08720704871633546,0.05,True
Germany,arima_p1_d1_q1,1,1,1,residual_acf,16,-0.15073771554617432,0.05,True
Germany,arima_p1_d1_q1,1,1,1,residual_acf,17,-0.16164035940579133,0.05,True
Germany,arima_p1_d1_q1,1,1,1,residual_acf,18,-0.14585110246494587,0.05,True
Germany,arima_p1_d1_q1,1,1,1,residual_acf,19,-0.01184878193554209,0.05,False
Germany,arima_p1_d1_q1,1,1,1,residual_acf,20,0.0007823564990627852,0.05,False
Germany,arima_p1_d1_q1,1,1,1,residual_acf,21,-0.027285999184217025,0.05,False
Germany,arima_p1_d1_q1,1,1,1,residual_acf,22,0.05313626327496198,0.05,True
Germany,arima_p1_d1_q1,1,1,1,residual_acf,23,0.13224227393295937,0.05,True
Germany,arima_p1_d1_q1,1,1,1,residual_acf,24,0.7370136751086582,0.05,True
Germany,arima_p1_d1_q1,1,1,1,residual_acf,25,0.14383814409675014,0.05,True
Germany,arima_p1_d1_q1,1,1,1,residual_acf,26,0.07322014834166951,0.05,True
Germany,arima_p1_d1_q1,1,1,1,residual_acf,27,-0.04265299319354752,0.05,False
Germany,arima_p1_d1_q1,1,1,1,residual_acf,28,0.0057533918683955005,0.05,False
Germany,arima_p1_d1_q1,1,1,1,residual_acf,29,-0.03708089497426775,0.05,False
Germany,arima_p1_d1_q1,1,1,1,residual_acf,30,-0.1413413513669211,0.05,True
Germany,arima_p1_d1_q1,1,1,1,residual_acf,31,-0.17061852457249943,0.05,True
Germany,arima_p1_d1_q1,1,1,1,residual_acf,32,-0.11154621887486563,0.05,True
Germany,arima_p1_d1_q1,1,1,1,residual_acf,33,-0.0736166943602247,0.05,True
Germany,arima_p1_d1_q1,1,1,1,residual_acf,34,-0.07879938141745506,0.05,True
Germany,arima_p1_d1_q1,1,1,1,residual_acf,35,0.08452453835355205,0.05,True
Germany,arima_p1_d1_q1,1,1,1,residual_acf,36,-0.015174852703827088,0.05,False
Germany,arima_p1_d1_q1,1,1,1,residual_acf,37,0.10941217926847904,0.05,True
Germany,arima_p1_d1_q1,1,1,1,residual_acf,38,-0.08486605604799599,0.05,True
Germany,arima_p1_d1_q1,1,1,1,residual_acf,39,-0.08601855130242804,0.05,True
Germany,arima_p1_d1_q1,1,1,1,residual_acf,40,-0.1328060388795282,0.05,True
Germany,arima_p1_d1_q1,1,1,1,residual_acf,41,-0.1703872526843391,0.05,True
Germany,arima_p1_d1_q1,1,1,1,residual_acf,42,-0.150783759160294,0.05,True
Germany,arima_p1_d1_q1,1,1,1,residual_acf,43,-0.01712130390546829,0.05,False
Germany,arima_p1_d1_q1,1,1,1,residual_acf,44,0.0025186838497776106,0.05,False
Germany,arima_p1_d1_q1,1,1,1,residual_acf,45,0.004704762713894002,0.05,False
Germany,arima_p1_d1_q1,1,1,1,residual_acf,46,0.07643206000087212,0.05,True
Germany,arima_p1_d1_q1,1,1,1,residual_acf,47,0.1239416080236954,0.05,True
Germany,arima_p1_d1_q1,1,1,1,residual_acf,48,0.635477290695774,0.05,True
Germany,arima_p1_d1_q1,1,1,1,ljung_box_statistic,24,27114.261308060213,0.01,True
Germany,arima_p1_d1_q1,1,1,1,ljung_box_pvalue,24,0.0,0.01,True
Germany,arima_p1_d1_q1,1,1,1,ljung_box_statistic,48,49258.45108921371,0.01,True
Germany,arima_p1_d1_q1,1,1,1,ljung_box_pvalue,48,0.0,0.01,True
Germany,arima_p2_d1_q0,2,1,0,residual_acf,1,0.007338733236677774,0.05,False
Germany,arima_p2_d1_q0,2,1,0,residual_acf,2,-0.032945639683987865,0.05,False
Germany,arima_p2_d1_q0,2,1,0,residual_acf,3,-0.019085458912541868,0.05,False
Germany,arima_p2_d1_q0,2,1,0,residual_acf,4,0.06985239441950689,0.05,True
Germany,arima_p2_d1_q0,2,1,0,residual_acf,5,0.032035905569829076,0.05,False
Germany,arima_p2_d1_q0,2,1,0,residual_acf,6,-0.0965192576752772,0.05,True
Germany,arima_p2_d1_q0,2,1,0,residual_acf,7,-0.1350259961156003,0.05,True
Germany,arima_p2_d1_q0,2,1,0,residual_acf,8,-0.0875726712363847,0.05,True
Germany,arima_p2_d1_q0,2,1,0,residual_acf,9,-0.0888604092384069,0.05,True
Germany,arima_p2_d1_q0,2,1,0,residual_acf,10,-0.11554863429980143,0.05,True
Germany,arima_p2_d1_q0,2,1,0,residual_acf,11,0.043645039019251874,0.05,False
Germany,arima_p2_d1_q0,2,1,0,residual_acf,12,-0.08245252793423954,0.05,True
Germany,arima_p2_d1_q0,2,1,0,residual_acf,13,0.07388693420088491,0.05,True
Germany,arima_p2_d1_q0,2,1,0,residual_acf,14,-0.124296779284394,0.05,True
Germany,arima_p2_d1_q0,2,1,0,residual_acf,15,-0.09908966696567334,0.05,True
Germany,arima_p2_d1_q0,2,1,0,residual_acf,16,-0.10590445483630455,0.05,True
Germany,arima_p2_d1_q0,2,1,0,residual_acf,17,-0.13414474034800658,0.05,True
Germany,arima_p2_d1_q0,2,1,0,residual_acf,18,-0.11165929186850668,0.05,True
Germany,arima_p2_d1_q0,2,1,0,residual_acf,19,0.043941878873057214,0.05,False
Germany,arima_p2_d1_q0,2,1,0,residual_acf,20,0.054789997358204744,0.05,True
Germany,arima_p2_d1_q0,2,1,0,residual_acf,21,0.011885340184850912,0.05,False
Germany,arima_p2_d1_q0,2,1,0,residual_acf,22,-0.03142287805924935,0.05,False
Germany,arima_p2_d1_q0,2,1,0,residual_acf,23,0.08387600169061142,0.05,True
Germany,arima_p2_d1_q0,2,1,0,residual_acf,24,0.7307050553856157,0.05,True
Germany,arima_p2_d1_q0,2,1,0,residual_acf,25,0.09692929384363211,0.05,True
Germany,arima_p2_d1_q0,2,1,0,residual_acf,26,-0.013685212586719729,0.05,False
Germany,arima_p2_d1_q0,2,1,0,residual_acf,27,-0.0029052041959820737,0.05,False
Germany,arima_p2_d1_q0,2,1,0,residual_acf,28,0.06204294867382008,0.05,True
Germany,arima_p2_d1_q0,2,1,0,residual_acf,29,0.02723041845101659,0.05,False
Germany,arima_p2_d1_q0,2,1,0,residual_acf,30,-0.1086915548727533,0.05,True
Germany,arima_p2_d1_q0,2,1,0,residual_acf,31,-0.1436111341058435,0.05,True
Germany,arima_p2_d1_q0,2,1,0,residual_acf,32,-0.07338597307146266,0.05,True
Germany,arima_p2_d1_q0,2,1,0,residual_acf,33,-0.08085732639747924,0.05,True
Germany,arima_p2_d1_q0,2,1,0,residual_acf,34,-0.1073694217475783,0.05,True
Germany,arima_p2_d1_q0,2,1,0,residual_acf,35,0.026052297234417317,0.05,False
Germany,arima_p2_d1_q0,2,1,0,residual_acf,36,-0.06889819799663552,0.05,True
Germany,arima_p2_d1_q0,2,1,0,residual_acf,37,0.0568491522484238,0.05,True
Germany,arima_p2_d1_q0,2,1,0,residual_acf,38,-0.11269129560317508,0.05,True
Germany,arima_p2_d1_q0,2,1,0,residual_acf,39,-0.09560445625142305,0.05,True
Germany,arima_p2_d1_q0,2,1,0,residual_acf,40,-0.08903883178503427,0.05,True
Germany,arima_p2_d1_q0,2,1,0,residual_acf,41,-0.14160940187619633,0.05,True
Germany,arima_p2_d1_q0,2,1,0,residual_acf,42,-0.11629831074784273,0.05,True
Germany,arima_p2_d1_q0,2,1,0,residual_acf,43,0.03550554222725095,0.05,False
Germany,arima_p2_d1_q0,2,1,0,residual_acf,44,0.04623384365048344,0.05,False
Germany,arima_p2_d1_q0,2,1,0,residual_acf,45,0.03536172888777772,0.05,False
Germany,arima_p2_d1_q0,2,1,0,residual_acf,46,0.002617882655836106,0.05,False
Germany,arima_p2_d1_q0,2,1,0,residual_acf,47,0.07930535727640196,0.05,True
Germany,arima_p2_d1_q0,2,1,0,residual_acf,48,0.6278221315697934,0.05,True
Germany,arima_p2_d1_q0,2,1,0,ljung_box_statistic,24,24264.238175543163,0.01,True
Germany,arima_p2_d1_q0,2,1,0,ljung_box_pvalue,24,0.0,0.01,True
Germany,arima_p2_d1_q0,2,1,0,ljung_box_statistic,48,43462.99140070386,0.01,True
Germany,arima_p2_d1_q0,2,1,0,ljung_box_pvalue,48,0.0,0.01,True
Germany,arima_p0_d1_q2,0,1,2,residual_acf,1,0.17340898298385776,0.05,True
Germany,arima_p0_d1_q2,0,1,2,residual_acf,2,0.25559398677074435,0.05,True
Germany,arima_p0_d1_q2,0,1,2,residual_acf,3,0.17903698901033424,0.05,True
Germany,arima_p0_d1_q2,0,1,2,residual_acf,4,-0.07759871364166439,0.05,True
Germany,arima_p0_d1_q2,0,1,2,residual_acf,5,0.014409338089784172,0.05,False
Germany,arima_p0_d1_q2,0,1,2,residual_acf,6,-0.16826364943363054,0.05,True
Germany,arima_p0_d1_q2,0,1,2,residual_acf,7,-0.23827922893179826,0.05,True
Germany,arima_p0_d1_q2,0,1,2,residual_acf,8,-0.1365484405347932,0.05,True
Germany,arima_p0_d1_q2,0,1,2,residual_acf,9,-0.20124529589677215,0.05,True
Germany,arima_p0_d1_q2,0,1,2,residual_acf,10,-0.14815416122423372,0.05,True
Germany,arima_p0_d1_q2,0,1,2,residual_acf,11,0.0015030438227669155,0.05,False
Germany,arima_p0_d1_q2,0,1,2,residual_acf,12,-0.14935638397006032,0.05,True
Germany,arima_p0_d1_q2,0,1,2,residual_acf,13,0.017531813533356037,0.05,False
Germany,arima_p0_d1_q2,0,1,2,residual_acf,14,-0.16658459665895478,0.05,True
Germany,arima_p0_d1_q2,0,1,2,residual_acf,15,-0.20423145770291432,0.05,True
Germany,arima_p0_d1_q2,0,1,2,residual_acf,16,-0.16193925644267732,0.05,True
Germany,arima_p0_d1_q2,0,1,2,residual_acf,17,-0.24308445455804775,0.05,True
Germany,arima_p0_d1_q2,0,1,2,residual_acf,18,-0.17094785131833548,0.05,True
Germany,arima_p0_d1_q2,0,1,2,residual_acf,19,0.0022407712837315247,0.05,False
Germany,arima_p0_d1_q2,0,1,2,residual_acf,20,-0.045579438457834076,0.05,False
Germany,arima_p0_d1_q2,0,1,2,residual_acf,21,0.17148105713018533,0.05,True
Germany,arima_p0_d1_q2,0,1,2,residual_acf,22,0.22110245904755077,0.05,True
Germany,arima_p0_d1_q2,0,1,2,residual_acf,23,0.23832413084405685,0.05,True
Germany,arima_p0_d1_q2,0,1,2,residual_acf,24,0.7728622881899687,0.05,True
Germany,arima_p0_d1_q2,0,1,2,residual_acf,25,0.24360580798990553,0.05,True
Germany,arima_p0_d1_q2,0,1,2,residual_acf,26,0.23529518725249773,0.05,True
Germany,arima_p0_d1_q2,0,1,2,residual_acf,27,0.16007374479946904,0.05,True
Germany,arima_p0_d1_q2,0,1,2,residual_acf,28,-0.03941909016201478,0.05,False
Germany,arima_p0_d1_q2,0,1,2,residual_acf,29,-0.009233605154525955,0.05,False
Germany,arima_p0_d1_q2,0,1,2,residual_acf,30,-0.1672685620743587,0.05,True
Germany,arima_p0_d1_q2,0,1,2,residual_acf,31,-0.2357354911336539,0.05,True
Germany,arima_p0_d1_q2,0,1,2,residual_acf,32,-0.1375746458573162,0.05,True
Germany,arima_p0_d1_q2,0,1,2,residual_acf,33,-0.18843117782052946,0.05,True
Germany,arima_p0_d1_q2,0,1,2,residual_acf,34,-0.14223384385797555,0.05,True
Germany,arima_p0_d1_q2,0,1,2,residual_acf,35,-0.010323414867717035,0.05,False
Germany,arima_p0_d1_q2,0,1,2,residual_acf,36,-0.13501516141567044,0.05,True
Germany,arima_p0_d1_q2,0,1,2,residual_acf,37,0.004562454945846561,0.05,False
Germany,arima_p0_d1_q2,0,1,2,residual_acf,38,-0.15430649564386595,0.05,True
Germany,arima_p0_d1_q2,0,1,2,residual_acf,39,-0.19923708113619726,0.05,True
Germany,arima_p0_d1_q2,0,1,2,residual_acf,40,-0.15139850577640404,0.05,True
Germany,arima_p0_d1_q2,0,1,2,residual_acf,41,-0.243188521772247,0.05,True
Germany,arima_p0_d1_q2,0,1,2,residual_acf,42,-0.17170410727938273,0.05,True
Germany,arima_p0_d1_q2,0,1,2,residual_acf,43,0.0012238472587279383,0.05,False
Germany,arima_p0_d1_q2,0,1,2,residual_acf,44,-0.039800184256894945,0.05,False
Germany,arima_p0_d1_q2,0,1,2,residual_acf,45,0.1774920034132349,0.05,True
Germany,arima_p0_d1_q2,0,1,2,residual_acf,46,0.22578365306877551,0.05,True
Germany,arima_p0_d1_q2,0,1,2,residual_acf,47,0.22626782030884832,0.05,True
Germany,arima_p0_d1_q2,0,1,2,residual_acf,48,0.692928236052736,0.05,True
Germany,arima_p0_d1_q2,0,1,2,ljung_box_statistic,24,43508.326859257904,0.01,True
Germany,arima_p0_d1_q2,0,1,2,ljung_box_pvalue,24,0.0,0.01,True
Germany,arima_p0_d1_q2,0,1,2,ljung_box_statistic,48,82415.79349502453,0.01,True
Germany,arima_p0_d1_q2,0,1,2,ljung_box_pvalue,48,0.0,0.01,True
Germany,arima_p2_d1_q1,2,1,1,residual_acf,1,0.005245815212864094,0.05,False
Germany,arima_p2_d1_q1,2,1,1,residual_acf,2,-0.027683342700658697,0.05,False
Germany,arima_p2_d1_q1,2,1,1,residual_acf,3,-0.018694176256118834,0.05,False
Germany,arima_p2_d1_q1,2,1,1,residual_acf,4,0.0677091065961506,0.05,True
Germany,arima_p2_d1_q1,2,1,1,residual_acf,5,0.02959855569791963,0.05,False
Germany,arima_p2_d1_q1,2,1,1,residual_acf,6,-0.0977230408685906,0.05,True
Germany,arima_p2_d1_q1,2,1,1,residual_acf,7,-0.1355700147738448,0.05,True
Germany,arima_p2_d1_q1,2,1,1,residual_acf,8,-0.08803934172118333,0.05,True
Germany,arima_p2_d1_q1,2,1,1,residual_acf,9,-0.08840629812559479,0.05,True
Germany,arima_p2_d1_q1,2,1,1,residual_acf,10,-0.11510264029817416,0.05,True
Germany,arima_p2_d1_q1,2,1,1,residual_acf,11,0.04554864109257299,0.05,False
Germany,arima_p2_d1_q1,2,1,1,residual_acf,12,-0.08222867947006954,0.05,True
Germany,arima_p2_d1_q1,2,1,1,residual_acf,13,0.07557708609462088,0.05,True
Germany,arima_p2_d1_q1,2,1,1,residual_acf,14,-0.12406203041463794,0.05,True
Germany,arima_p2_d1_q1,2,1,1,residual_acf,15,-0.09846956670481845,0.05,True
Germany,arima_p2_d1_q1,2,1,1,residual_acf,16,-0.10643553527999292,0.05,True
Germany,arima_p2_d1_q1,2,1,1,residual_acf,17,-0.13458268816824673,0.05,True
Germany,arima_p2_d1_q1,2,1,1,residual_acf,18,-0.1128884496307768,0.05,True
Germany,arima_p2_d1_q1,2,1,1,residual_acf,19,0.04199669949734078,0.05,False
Germany,arima_p2_d1_q1,2,1,1,residual_acf,20,0.05282034120323921,0.05,True
Germany,arima_p2_d1_q1,2,1,1,residual_acf,21,0.012602475728696261,0.05,False
Germany,arima_p2_d1_q1,2,1,1,residual_acf,22,-0.027652086003086926,0.05,False
Germany,arima_p2_d1_q1,2,1,1,residual_acf,23,0.08302607685569569,0.05,True
Germany,arima_p2_d1_q1,2,1,1,residual_acf,24,0.7304137133398667,0.05,True
Germany,arima_p2_d1_q1,2,1,1,residual_acf,25,0.09588204685525596,0.05,True
Germany,arima_p2_d1_q1,2,1,1,residual_acf,26,-0.009931358682802396,0.05,False
Germany,arima_p2_d1_q1,2,1,1,residual_acf,27,-0.0023146713474734137,0.05,False
Germany,arima_p2_d1_q1,2,1,1,residual_acf,28,0.060184916569815235,0.05,True
Germany,arima_p2_d1_q1,2,1,1,residual_acf,29,0.02512472375282954,0.05,False
Germany,arima_p2_d1_q1,2,1,1,residual_acf,30,-0.1096989952330149,0.05,True
Germany,arima_p2_d1_q1,2,1,1,residual_acf,31,-0.14411908412109753,0.05,True
Germany,arima_p2_d1_q1,2,1,1,residual_acf,32,-0.07390500909642062,0.05,True
Germany,arima_p2_d1_q1,2,1,1,residual_acf,33,-0.0806051647865385,0.05,True
Germany,arima_p2_d1_q1,2,1,1,residual_acf,34,-0.10681416831156457,0.05,True
Germany,arima_p2_d1_q1,2,1,1,residual_acf,35,0.02785916834126622,0.05,False
Germany,arima_p2_d1_q1,2,1,1,residual_acf,36,-0.06850932476054636,0.05,True
Germany,arima_p2_d1_q1,2,1,1,residual_acf,37,0.05840415835742853,0.05,True
Germany,arima_p2_d1_q1,2,1,1,residual_acf,38,-0.11232819477057104,0.05,True
Germany,arima_p2_d1_q1,2,1,1,residual_acf,39,-0.09518889624545916,0.05,True
Germany,arima_p2_d1_q1,2,1,1,residual_acf,40,-0.08957270295407739,0.05,True
Germany,arima_p2_d1_q1,2,1,1,residual_acf,41,-0.14209235944194878,0.05,True
Germany,arima_p2_d1_q1,2,1,1,residual_acf,42,-0.11734833033673046,0.05,True
Germany,arima_p2_d1_q1,2,1,1,residual_acf,43,0.03385457557927717,0.05,False
Germany,arima_p2_d1_q1,2,1,1,residual_acf,44,0.04448072068614129,0.05,False
Germany,arima_p2_d1_q1,2,1,1,residual_acf,45,0.03590110388224883,0.05,False
Germany,arima_p2_d1_q1,2,1,1,residual_acf,46,0.005781507599785971,0.05,False
Germany,arima_p2_d1_q1,2,1,1,residual_acf,47,0.0786781037115743,0.05,True
Germany,arima_p2_d1_q1,2,1,1,residual_acf,48,0.6278440126399032,0.05,True
Germany,arima_p2_d1_q1,2,1,1,ljung_box_statistic,24,24230.36224103267,0.01,True
Germany,arima_p2_d1_q1,2,1,1,ljung_box_pvalue,24,0.0,0.01,True
Germany,arima_p2_d1_q1,2,1,1,ljung_box_statistic,48,43426.02277960219,0.01,True
Germany,arima_p2_d1_q1,2,1,1,ljung_box_pvalue,48,0.0,0.01,True
Germany,arima_p1_d1_q2,1,1,2,residual_acf,1,0.011231073844112108,0.05,False
Germany,arima_p1_d1_q2,1,1,2,residual_acf,2,0.012609261471087565,0.05,False
Germany,arima_p1_d1_q2,1,1,2,residual_acf,3,0.023749258899746568,0.05,False
Germany,arima_p1_d1_q2,1,1,2,residual_acf,4,-0.003648170847445234,0.05,False
Germany,arima_p1_d1_q2,1,1,2,residual_acf,5,-0.00734616383632258,0.05,False
Germany,arima_p1_d1_q2,1,1,2,residual_acf,6,-0.11828015481977998,0.05,True
Germany,arima_p1_d1_q2,1,1,2,residual_acf,7,-0.15507905321592388,0.05,True
Germany,arima_p1_d1_q2,1,1,2,residual_acf,8,-0.09008197592522244,0.05,True
Germany,arima_p1_d1_q2,1,1,2,residual_acf,9,-0.09426925955904122,0.05,True
Germany,arima_p1_d1_q2,1,1,2,residual_acf,10,-0.09341635528303613,0.05,True
Germany,arima_p1_d1_q2,1,1,2,residual_acf,11,0.073770015929897,0.05,True
Germany,arima_p1_d1_q2,1,1,2,residual_acf,12,-0.05957137526895411,0.05,True
Germany,arima_p1_d1_q2,1,1,2,residual_acf,13,0.10114968343172653,0.05,True
Germany,arima_p1_d1_q2,1,1,2,residual_acf,14,-0.10506226647809226,0.05,True
Germany,arima_p1_d1_q2,1,1,2,residual_acf,15,-0.10414328245383213,0.05,True
Germany,arima_p1_d1_q2,1,1,2,residual_acf,16,-0.10740346376017142,0.05,True
Germany,arima_p1_d1_q2,1,1,2,residual_acf,17,-0.15605719146035366,0.05,True
Germany,arima_p1_d1_q2,1,1,2,residual_acf,18,-0.13161347549396638,0.05,True
Germany,arima_p1_d1_q2,1,1,2,residual_acf,19,0.008050711054738185,0.05,False
Germany,arima_p1_d1_q2,1,1,2,residual_acf,20,0.001041877411559873,0.05,False
Germany,arima_p1_d1_q2,1,1,2,residual_acf,21,0.04212544272093358,0.05,False
Germany,arima_p1_d1_q2,1,1,2,residual_acf,22,0.009661452263588768,0.05,False
Germany,arima_p1_d1_q2,1,1,2,residual_acf,23,0.09200274310068221,0.05,True
Germany,arima_p1_d1_q2,1,1,2,residual_acf,24,0.7328974949335646,0.05,True
Germany,arima_p1_d1_q2,1,1,2,residual_acf,25,0.10341275400653283,0.05,True
Germany,arima_p1_d1_q2,1,1,2,residual_acf,26,0.026228865860853615,0.05,False
Germany,arima_p1_d1_q2,1,1,2,residual_acf,27,0.02723190351118504,0.05,False
Germany,arima_p1_d1_q2,1,1,2,residual_acf,28,0.006854052878853154,0.05,False
Germany,arima_p1_d1_q2,1,1,2,residual_acf,29,-0.009592704126283649,0.05,False
Germany,arima_p1_d1_q2,1,1,2,residual_acf,30,-0.12901938279589675,0.05,True
Germany,arima_p1_d1_q2,1,1,2,residual_acf,31,-0.16206579507994023,0.05,True
Germany,arima_p1_d1_q2,1,1,2,residual_acf,32,-0.0782800428435828,0.05,True
Germany,arima_p1_d1_q2,1,1,2,residual_acf,33,-0.08684840011513645,0.05,True
Germany,arima_p1_d1_q2,1,1,2,residual_acf,34,-0.08586632459030107,0.05,True
Germany,arima_p1_d1_q2,1,1,2,residual_acf,35,0.056804711249730876,0.05,True
Germany,arima_p1_d1_q2,1,1,2,residual_acf,36,-0.046292657526530556,0.05,False
Germany,arima_p1_d1_q2,1,1,2,residual_acf,37,0.08428849218355014,0.05,True
Germany,arima_p1_d1_q2,1,1,2,residual_acf,38,-0.09428653790425194,0.05,True
Germany,arima_p1_d1_q2,1,1,2,residual_acf,39,-0.10071623949834421,0.05,True
Germany,arima_p1_d1_q2,1,1,2,residual_acf,40,-0.09227634485841733,0.05,True
Germany,arima_p1_d1_q2,1,1,2,residual_acf,41,-0.1636183514011847,0.05,True
Germany,arima_p1_d1_q2,1,1,2,residual_acf,42,-0.13508684203250979,0.05,True
Germany,arima_p1_d1_q2,1,1,2,residual_acf,43,0.0053746541188077705,0.05,False
Germany,arima_p1_d1_q2,1,1,2,residual_acf,44,-0.0013317284078472272,0.05,False
Germany,arima_p1_d1_q2,1,1,2,residual_acf,45,0.06114425779088339,0.05,True
Germany,arima_p1_d1_q2,1,1,2,residual_acf,46,0.03804812559771218,0.05,False
Germany,arima_p1_d1_q2,1,1,2,residual_acf,47,0.08752619559891872,0.05,True
Germany,arima_p1_d1_q2,1,1,2,residual_acf,48,0.6342535719160831,0.05,True
Germany,arima_p1_d1_q2,1,1,2,ljung_box_statistic,24,24773.61399500185,0.01,True
Germany,arima_p1_d1_q2,1,1,2,ljung_box_pvalue,24,0.0,0.01,True
Germany,arima_p1_d1_q2,1,1,2,ljung_box_statistic,48,44998.006708022214,0.01,True
Germany,arima_p1_d1_q2,1,1,2,ljung_box_pvalue,48,0.0,0.01,True
Germany,arima_p2_d1_q2,2,1,2,residual_acf,1,0.010558722993240136,0.05,False
Germany,arima_p2_d1_q2,2,1,2,residual_acf,2,-0.011992889020242979,0.05,False
Germany,arima_p2_d1_q2,2,1,2,residual_acf,3,-0.07685208073019535,0.05,True
Germany,arima_p2_d1_q2,2,1,2,residual_acf,4,0.06323155747598327,0.05,True
Germany,arima_p2_d1_q2,2,1,2,residual_acf,5,0.06123155048639185,0.05,True
Germany,arima_p2_d1_q2,2,1,2,residual_acf,6,-0.03564532258836744,0.05,False
Germany,arima_p2_d1_q2,2,1,2,residual_acf,7,-0.07307318956353001,0.05,True
Germany,arima_p2_d1_q2,2,1,2,residual_acf,8,-0.0381251504958817,0.05,False
Germany,arima_p2_d1_q2,2,1,2,residual_acf,9,-0.023232411298335538,0.05,False
Germany,arima_p2_d1_q2,2,1,2,residual_acf,10,-0.04909856168119152,0.05,False
Germany,arima_p2_d1_q2,2,1,2,residual_acf,11,0.1266208003495063,0.05,True
Germany,arima_p2_d1_q2,2,1,2,residual_acf,12,-0.0039247006374104765,0.05,False
Germany,arima_p2_d1_q2,2,1,2,residual_acf,13,0.15369386068348465,0.05,True
Germany,arima_p2_d1_q2,2,1,2,residual_acf,14,-0.062178721269834404,0.05,True
Germany,arima_p2_d1_q2,2,1,2,residual_acf,15,-0.04176268759547115,0.05,False
Germany,arima_p2_d1_q2,2,1,2,residual_acf,16,-0.07449792963033051,0.05,True
Germany,arima_p2_d1_q2,2,1,2,residual_acf,17,-0.09058955604105966,0.05,True
Germany,arima_p2_d1_q2,2,1,2,residual_acf,18,-0.07226453737787855,0.05,True
Germany,arima_p2_d1_q2,2,1,2,residual_acf,19,0.05916228575445533,0.05,True
Germany,arima_p2_d1_q2,2,1,2,residual_acf,20,0.03338885764539777,0.05,False
Germany,arima_p2_d1_q2,2,1,2,residual_acf,21,-0.04598989623936586,0.05,False
Germany,arima_p2_d1_q2,2,1,2,residual_acf,22,-0.04684716273072997,0.05,False
Germany,arima_p2_d1_q2,2,1,2,residual_acf,23,0.05852549299982752,0.05,True
Germany,arima_p2_d1_q2,2,1,2,residual_acf,24,0.6984713276024509,0.05,True
Germany,arima_p2_d1_q2,2,1,2,residual_acf,25,0.07098172428273701,0.05,True
Germany,arima_p2_d1_q2,2,1,2,residual_acf,26,-0.029743173552148377,0.05,False
Germany,arima_p2_d1_q2,2,1,2,residual_acf,27,-0.06733387981929977,0.05,True
Germany,arima_p2_d1_q2,2,1,2,residual_acf,28,0.028607574554088754,0.05,False
Germany,arima_p2_d1_q2,2,1,2,residual_acf,29,0.023034147571773616,0.05,False
Germany,arima_p2_d1_q2,2,1,2,residual_acf,30,-0.08584470023352977,0.05,True
Germany,arima_p2_d1_q2,2,1,2,residual_acf,31,-0.11788384467065842,0.05,True
Germany,arima_p2_d1_q2,2,1,2,residual_acf,32,-0.057321688648865006,0.05,True
Germany,arima_p2_d1_q2,2,1,2,residual_acf,33,-0.04838751771202268,0.05,False
Germany,arima_p2_d1_q2,2,1,2,residual_acf,34,-0.0713083108752081,0.05,True
Germany,arima_p2_d1_q2,2,1,2,residual_acf,35,0.07444963816440027,0.05,True
Germany,arima_p2_d1_q2,2,1,2,residual_acf,36,-0.024453649550765632,0.05,False
Germany,arima_p2_d1_q2,2,1,2,residual_acf,37,0.10244491944521844,0.05,True
Germany,arima_p2_d1_q2,2,1,2,residual_acf,38,-0.07974957862351204,0.05,True
Germany,arima_p2_d1_q2,2,1,2,residual_acf,39,-0.06959225340814369,0.05,True
Germany,arima_p2_d1_q2,2,1,2,residual_acf,40,-0.08764505509100486,0.05,True
Germany,arima_p2_d1_q2,2,1,2,residual_acf,41,-0.13118553125039256,0.05,True
Germany,arima_p2_d1_q2,2,1,2,residual_acf,42,-0.11074349868723074,0.05,True
Germany,arima_p2_d1_q2,2,1,2,residual_acf,43,0.02042410557330373,0.05,False
Germany,arima_p2_d1_q2,2,1,2,residual_acf,44,0.00396961170392287,0.05,False
Germany,arima_p2_d1_q2,2,1,2,residual_acf,45,-0.0383465207412997,0.05,False
Germany,arima_p2_d1_q2,2,1,2,residual_acf,46,-0.03820117835078474,0.05,False
Germany,arima_p2_d1_q2,2,1,2,residual_acf,47,0.02706698759225518,0.05,False
Germany,arima_p2_d1_q2,2,1,2,residual_acf,48,0.5674096499532292,0.05,True
Germany,arima_p2_d1_q2,2,1,2,ljung_box_statistic,24,20666.560852852966,0.01,True
Germany,arima_p2_d1_q2,2,1,2,ljung_box_pvalue,24,0.0,0.01,True
Germany,arima_p2_d1_q2,2,1,2,ljung_box_statistic,48,35923.31468863456,0.01,True
Germany,arima_p2_d1_q2,2,1,2,ljung_box_pvalue,48,0.0,0.01,True
Germany,arima_p3_d1_q0,3,1,0,residual_acf,1,0.006019844417763974,0.05,False
Germany,arima_p3_d1_q0,3,1,0,residual_acf,2,-0.029604841568554703,0.05,False
Germany,arima_p3_d1_q0,3,1,0,residual_acf,3,-0.01879468980125389,0.05,False
Germany,arima_p3_d1_q0,3,1,0,residual_acf,4,0.06848281701517653,0.05,True
Germany,arima_p3_d1_q0,3,1,0,residual_acf,5,0.030461754306790795,0.05,False
Germany,arima_p3_d1_q0,3,1,0,residual_acf,6,-0.09731085972576195,0.05,True
Germany,arima_p3_d1_q0,3,1,0,residual_acf,7,-0.13538575438926911,0.05,True
Germany,arima_p3_d1_q0,3,1,0,residual_acf,8,-0.08786698510338986,0.05,True
Germany,arima_p3_d1_q0,3,1,0,residual_acf,9,-0.08857302753882923,0.05,True
Germany,arima_p3_d1_q0,3,1,0,residual_acf,10,-0.11525562605385728,0.05,True
Germany,arima_p3_d1_q0,3,1,0,residual_acf,11,0.044858618044393984,0.05,False
Germany,arima_p3_d1_q0,3,1,0,residual_acf,12,-0.08229975761355443,0.05,True
Germany,arima_p3_d1_q0,3,1,0,residual_acf,13,0.07496397881426606,0.05,True
Germany,arima_p3_d1_q0,3,1,0,residual_acf,14,-0.1241401268765114,0.05,True
Germany,arima_p3_d1_q0,3,1,0,residual_acf,15,-0.09869850818816542,0.05,True
Germany,arima_p3_d1_q0,3,1,0,residual_acf,16,-0.10623709286455096,0.05,True
Germany,arima_p3_d1_q0,3,1,0,residual_acf,17,-0.13443623639868624,0.05,True
Germany,arima_p3_d1_q0,3,1,0,residual_acf,18,-0.11246297131884157,0.05,True
Germany,arima_p3_d1_q0,3,1,0,residual_acf,19,0.04268252177007458,0.05,False
Germany,arima_p3_d1_q0,3,1,0,residual_acf,20,0.05353371597920613,0.05,True
Germany,arima_p3_d1_q0,3,1,0,residual_acf,21,0.012369796130198358,0.05,False
Germany,arima_p3_d1_q0,3,1,0,residual_acf,22,-0.02902163542863365,0.05,False
Germany,arima_p3_d1_q0,3,1,0,residual_acf,23,0.08334605036315104,0.05,True
Germany,arima_p3_d1_q0,3,1,0,residual_acf,24,0.7305248698067999,0.05,True
Germany,arima_p3_d1_q0,3,1,0,residual_acf,25,0.0962730418606898,0.05,True
Germany,arima_p3_d1_q0,3,1,0,residual_acf,26,-0.01129742906352971,0.05,False
Germany,arima_p3_d1_q0,3,1,0,residual_acf,27,-0.0025019182954624797,0.05,False
Germany,arima_p3_d1_q0,3,1,0,residual_acf,28,0.06085735651133285,0.05,True
Germany,arima_p3_d1_q0,3,1,0,residual_acf,29,0.02587210730669181,0.05,False
Germany,arima_p3_d1_q0,3,1,0,residual_acf,30,-0.10935437494938532,0.05,True
Germany,arima_p3_d1_q0,3,1,0,residual_acf,31,-0.14394675421419645,0.05,True
Germany,arima_p3_d1_q0,3,1,0,residual_acf,32,-0.07371464360674215,0.05,True
Germany,arima_p3_d1_q0,3,1,0,residual_acf,33,-0.08069868872727955,0.05,True
Germany,arima_p3_d1_q0,3,1,0,residual_acf,34,-0.1070090116318082,0.05,True
Germany,arima_p3_d1_q0,3,1,0,residual_acf,35,0.027205707229307593,0.05,False
Germany,arima_p3_d1_q0,3,1,0,residual_acf,36,-0.0686400546468388,0.05,True
Germany,arima_p3_d1_q0,3,1,0,residual_acf,37,0.0578416876295057,0.05,True
Germany,arima_p3_d1_q0,3,1,0,residual_acf,38,-0.11245510622901583,0.05,True
Germany,arima_p3_d1_q0,3,1,0,residual_acf,39,-0.09534338545371211,0.05,True
Germany,arima_p3_d1_q0,3,1,0,residual_acf,40,-0.08937476496882908,0.05,True
Germany,arima_p3_d1_q0,3,1,0,residual_acf,41,-0.14192834808303315,0.05,True
Germany,arima_p3_d1_q0,3,1,0,residual_acf,42,-0.11698472405166822,0.05,True
Germany,arima_p3_d1_q0,3,1,0,residual_acf,43,0.03443723615695701,0.05,False
Germany,arima_p3_d1_q0,3,1,0,residual_acf,44,0.04511424313698829,0.05,False
Germany,arima_p3_d1_q0,3,1,0,residual_acf,45,0.035727439295359875,0.05,False
Germany,arima_p3_d1_q0,3,1,0,residual_acf,46,0.004632813126605453,0.05,False
Germany,arima_p3_d1_q0,3,1,0,residual_acf,47,0.07891735308780952,0.05,True
Germany,arima_p3_d1_q0,3,1,0,residual_acf,48,0.6278436942167229,0.05,True
Germany,arima_p3_d1_q0,3,1,0,ljung_box_statistic,24,24242.609469053143,0.01,True
Germany,arima_p3_d1_q0,3,1,0,ljung_box_pvalue,24,0.0,0.01,True
Germany,arima_p3_d1_q0,3,1,0,ljung_box_statistic,48,43439.84117715713,0.01,True
Germany,arima_p3_d1_q0,3,1,0,ljung_box_pvalue,48,0.0,0.01,True
Germany,arima_p0_d1_q3,0,1,3,residual_acf,1,0.038032916913573966,0.05,False
Germany,arima_p0_d1_q3,0,1,3,residual_acf,2,0.0833731160481851,0.05,True
Germany,arima_p0_d1_q3,0,1,3,residual_acf,3,0.10642170281097427,0.05,True
Germany,arima_p0_d1_q3,0,1,3,residual_acf,4,0.06427275742998008,0.05,True
Germany,arima_p0_d1_q3,0,1,3,residual_acf,5,-0.08721549071957904,0.05,True
Germany,arima_p0_d1_q3,0,1,3,residual_acf,6,-0.1039761759689195,0.05,True
Germany,arima_p0_d1_q3,0,1,3,residual_acf,7,-0.14981850947871755,0.05,True
Germany,arima_p0_d1_q3,0,1,3,residual_acf,8,-0.13236125317710445,0.05,True
Germany,arima_p0_d1_q3,0,1,3,residual_acf,9,-0.11469156747062569,0.05,True
Germany,arima_p0_d1_q3,0,1,3,residual_acf,10,-0.12372433683994272,0.05,True
Germany,arima_p0_d1_q3,0,1,3,residual_acf,11,0.0239188233402844,0.05,False
Germany,arima_p0_d1_q3,0,1,3,residual_acf,12,-0.10756051817950267,0.05,True
Germany,arima_p0_d1_q3,0,1,3,residual_acf,13,0.05224396919390596,0.05,True
Germany,arima_p0_d1_q3,0,1,3,residual_acf,14,-0.14367431662957947,0.05,True
Germany,arima_p0_d1_q3,0,1,3,residual_acf,15,-0.1252494458580783,0.05,True
Germany,arima_p0_d1_q3,0,1,3,residual_acf,16,-0.14219676310078225,0.05,True
Germany,arima_p0_d1_q3,0,1,3,residual_acf,17,-0.14896687513100218,0.05,True
Germany,arima_p0_d1_q3,0,1,3,residual_acf,18,-0.13692851110077153,0.05,True
Germany,arima_p0_d1_q3,0,1,3,residual_acf,19,-0.043264704363016084,0.05,False
Germany,arima_p0_d1_q3,0,1,3,residual_acf,20,0.04468674096360859,0.05,False
Germany,arima_p0_d1_q3,0,1,3,residual_acf,21,0.11008424182552376,0.05,True
Germany,arima_p0_d1_q3,0,1,3,residual_acf,22,0.0735321720424622,0.05,True
Germany,arima_p0_d1_q3,0,1,3,residual_acf,23,0.12618646175243625,0.05,True
Germany,arima_p0_d1_q3,0,1,3,residual_acf,24,0.7369680256399658,0.05,True
Germany,arima_p0_d1_q3,0,1,3,residual_acf,25,0.13475666895540112,0.05,True
Germany,arima_p0_d1_q3,0,1,3,residual_acf,26,0.08698610596909818,0.05,True
Germany,arima_p0_d1_q3,0,1,3,residual_acf,27,0.09518077131713235,0.05,True
Germany,arima_p0_d1_q3,0,1,3,residual_acf,28,0.05388519116991221,0.05,True
Germany,arima_p0_d1_q3,0,1,3,residual_acf,29,-0.05863882780796933,0.05,True
Germany,arima_p0_d1_q3,0,1,3,residual_acf,30,-0.12562432797848558,0.05,True
Germany,arima_p0_d1_q3,0,1,3,residual_acf,31,-0.15781326081718203,0.05,True
Germany,arima_p0_d1_q3,0,1,3,residual_acf,32,-0.11554757962039776,0.05,True
Germany,arima_p0_d1_q3,0,1,3,residual_acf,33,-0.11017281628170264,0.05,True
Germany,arima_p0_d1_q3,0,1,3,residual_acf,34,-0.11951782789418638,0.05,True
Germany,arima_p0_d1_q3,0,1,3,residual_acf,35,0.010354241694590038,0.05,False
Germany,arima_p0_d1_q3,0,1,3,residual_acf,36,-0.0894936569052946,0.05,True
Germany,arima_p0_d1_q3,0,1,3,residual_acf,37,0.03578243622868989,0.05,False
Germany,arima_p0_d1_q3,0,1,3,residual_acf,38,-0.1336624562764791,0.05,True
Germany,arima_p0_d1_q3,0,1,3,residual_acf,39,-0.12225351004432462,0.05,True
Germany,arima_p0_d1_q3,0,1,3,residual_acf,40,-0.12556749032764475,0.05,True
Germany,arima_p0_d1_q3,0,1,3,residual_acf,41,-0.1595391176752568,0.05,True
Germany,arima_p0_d1_q3,0,1,3,residual_acf,42,-0.13659514462494046,0.05,True
Germany,arima_p0_d1_q3,0,1,3,residual_acf,43,-0.03624115503943392,0.05,False
Germany,arima_p0_d1_q3,0,1,3,residual_acf,44,0.036624511521896455,0.05,False
Germany,arima_p0_d1_q3,0,1,3,residual_acf,45,0.11570104326768077,0.05,True
Germany,arima_p0_d1_q3,0,1,3,residual_acf,46,0.09498304070351642,0.05,True
Germany,arima_p0_d1_q3,0,1,3,residual_acf,47,0.12465450089695088,0.05,True
Germany,arima_p0_d1_q3,0,1,3,residual_acf,48,0.643842747126472,0.05,True
Germany,arima_p0_d1_q3,0,1,3,ljung_box_statistic,24,28172.5486962052,0.01,True
Germany,arima_p0_d1_q3,0,1,3,ljung_box_pvalue,24,0.0,0.01,True
Germany,arima_p0_d1_q3,0,1,3,ljung_box_statistic,48,51988.89267306578,0.01,True
Germany,arima_p0_d1_q3,0,1,3,ljung_box_pvalue,48,0.0,0.01,True
Austria,arima_p0_d1_q0,0,1,0,residual_acf,1,0.7604056848659584,0.05,True
Austria,arima_p0_d1_q0,0,1,0,residual_acf,2,0.4416919291539521,0.05,True
Austria,arima_p0_d1_q0,0,1,0,residual_acf,3,0.143083589794705,0.05,True
Austria,arima_p0_d1_q0,0,1,0,residual_acf,4,-0.03731809548279279,0.05,False
Austria,arima_p0_d1_q0,0,1,0,residual_acf,5,-0.1936524241309124,0.05,True
Austria,arima_p0_d1_q0,0,1,0,residual_acf,6,-0.30550416015007154,0.05,True
Austria,arima_p0_d1_q0,0,1,0,residual_acf,7,-0.3329493133430395,0.05,True
Austria,arima_p0_d1_q0,0,1,0,residual_acf,8,-0.30596851160733746,0.05,True
Austria,arima_p0_d1_q0,0,1,0,residual_acf,9,-0.25305380414149703,0.05,True
Austria,arima_p0_d1_q0,0,1,0,residual_acf,10,-0.18843098327834587,0.05,True
Austria,arima_p0_d1_q0,0,1,0,residual_acf,11,-0.06631516216421773,0.05,True
Austria,arima_p0_d1_q0,0,1,0,residual_acf,12,-0.032285861863808336,0.05,False
Austria,arima_p0_d1_q0,0,1,0,residual_acf,13,-0.07482485248316759,0.05,True
Austria,arima_p0_d1_q0,0,1,0,residual_acf,14,-0.2039819312020781,0.05,True
Austria,arima_p0_d1_q0,0,1,0,residual_acf,15,-0.27251141727676764,0.05,True
Austria,arima_p0_d1_q0,0,1,0,residual_acf,16,-0.3238596943694722,0.05,True
Austria,arima_p0_d1_q0,0,1,0,residual_acf,17,-0.3439469664131809,0.05,True
Austria,arima_p0_d1_q0,0,1,0,residual_acf,18,-0.3052117787026941,0.05,True
Austria,arima_p0_d1_q0,0,1,0,residual_acf,19,-0.18445096371313838,0.05,True
Austria,arima_p0_d1_q0,0,1,0,residual_acf,20,-0.024816534442279718,0.05,False
Austria,arima_p0_d1_q0,0,1,0,residual_acf,21,0.14482908605866193,0.05,True
Austria,arima_p0_d1_q0,0,1,0,residual_acf,22,0.4118582913465283,0.05,True
Austria,arima_p0_d1_q0,0,1,0,residual_acf,23,0.6870831120476845,0.05,True
Austria,arima_p0_d1_q0,0,1,0,residual_acf,24,0.8808568649813543,0.05,True
Austria,arima_p0_d1_q0,0,1,0,residual_acf,25,0.6891911414555923,0.05,True
Austria,arima_p0_d1_q0,0,1,0,residual_acf,26,0.4145651537236829,0.05,True
Austria,arima_p0_d1_q0,0,1,0,residual_acf,27,0.14348777978681693,0.05,True
Austria,arima_p0_d1_q0,0,1,0,residual_acf,28,-0.02994560696393718,0.05,False
Austria,arima_p0_d1_q0,0,1,0,residual_acf,29,-0.18802602296314383,0.05,True
Austria,arima_p0_d1_q0,0,1,0,residual_acf,30,-0.3018468091400143,0.05,True
Austria,arima_p0_d1_q0,0,1,0,residual_acf,31,-0.3292712321580587,0.05,True
Austria,arima_p0_d1_q0,0,1,0,residual_acf,32,-0.29555104230756346,0.05,True
Austria,arima_p0_d1_q0,0,1,0,residual_acf,33,-0.23944584882229605,0.05,True
Austria,arima_p0_d1_q0,0,1,0,residual_acf,34,-0.17644547533949903,0.05,True
Austria,arima_p0_d1_q0,0,1,0,residual_acf,35,-0.06278597523534246,0.05,True
Austria,arima_p0_d1_q0,0,1,0,residual_acf,36,-0.03362926947335322,0.05,False
Austria,arima_p0_d1_q0,0,1,0,residual_acf,37,-0.07139402596204021,0.05,True
Austria,arima_p0_d1_q0,0,1,0,residual_acf,38,-0.1910644752726929,0.05,True
Austria,arima_p0_d1_q0,0,1,0,residual_acf,39,-0.254168634883233,0.05,True
Austria,arima_p0_d1_q0,0,1,0,residual_acf,40,-0.3090147603566418,0.05,True
Austria,arima_p0_d1_q0,0,1,0,residual_acf,41,-0.3360328391105973,0.05,True
Austria,arima_p0_d1_q0,0,1,0,residual_acf,42,-0.29956958794629207,0.05,True
Austria,arima_p0_d1_q0,0,1,0,residual_acf,43,-0.1787609637775133,0.05,True
Austria,arima_p0_d1_q0,0,1,0,residual_acf,44,-0.01724164314523274,0.05,False
Austria,arima_p0_d1_q0,0,1,0,residual_acf,45,0.14799981899523837,0.05,True
Austria,arima_p0_d1_q0,0,1,0,residual_acf,46,0.397274902292079,0.05,True
Austria,arima_p0_d1_q0,0,1,0,residual_acf,47,0.6422796443542982,0.05,True
Austria,arima_p0_d1_q0,0,1,0,residual_acf,48,0.8174545292580876,0.05,True
Austria,arima_p0_d1_q0,0,1,0,ljung_box_statistic,24,110305.57410411908,0.01,True
Austria,arima_p0_d1_q0,0,1,0,ljung_box_pvalue,24,0.0,0.01,True
Austria,arima_p0_d1_q0,0,1,0,ljung_box_statistic,48,207872.01407052792,0.01,True
Austria,arima_p0_d1_q0,0,1,0,ljung_box_pvalue,48,0.0,0.01,True
Austria,arima_p1_d1_q0,1,1,0,residual_acf,1,0.24624763372553984,0.05,True
Austria,arima_p1_d1_q0,1,1,0,residual_acf,2,0.02389608185375804,0.05,False
Austria,arima_p1_d1_q0,1,1,0,residual_acf,3,-0.1936016234873793,0.05,True
Austria,arima_p1_d1_q0,1,1,0,residual_acf,4,-0.048416788068711525,0.05,False
Austria,arima_p1_d1_q0,1,1,0,residual_acf,5,-0.10647183057251274,0.05,True
Austria,arima_p1_d1_q0,1,1,0,residual_acf,6,-0.19368241932775038,0.05,True
Austria,arima_p1_d1_q0,1,1,0,residual_acf,7,-0.14344415345063732,0.05,True
Austria,arima_p1_d1_q0,1,1,0,residual_acf,8,-0.0884851484252073,0.05,True
Austria,arima_p1_d1_q0,1,1,0,residual_acf,9,-0.055600784385961007,0.05,True
Austria,arima_p1_d1_q0,1,1,0,residual_acf,10,-0.12934600079188951,0.05,True
Austria,arima_p1_d1_q0,1,1,0,residual_acf,11,0.14975590237315964,0.05,True
Austria,arima_p1_d1_q0,1,1,0,residual_acf,12,0.13361344983249746,0.05,True
Austria,arima_p1_d1_q0,1,1,0,residual_acf,13,0.14596523237106704,0.05,True
Austria,arima_p1_d1_q0,1,1,0,residual_acf,14,-0.13705464188709235,0.05,True
Austria,arima_p1_d1_q0,1,1,0,residual_acf,15,-0.06806623912744063,0.05,True
Austria,arima_p1_d1_q0,1,1,0,residual_acf,16,-0.10042678285687015,0.05,True
Austria,arima_p1_d1_q0,1,1,0,residual_acf,17,-0.15289111105918682,0.05,True
Austria,arima_p1_d1_q0,1,1,0,residual_acf,18,-0.189534074260651,0.05,True
Austria,arima_p1_d1_q0,1,1,0,residual_acf,19,-0.09527924882505197,0.05,True
Austria,arima_p1_d1_q0,1,1,0,residual_acf,20,-0.02147772106082387,0.05,False
Austria,arima_p1_d1_q0,1,1,0,residual_acf,21,-0.1558490168828667,0.05,True
Austria,arima_p1_d1_q0,1,1,0,residual_acf,22,0.041352455429826795,0.05,False
Austria,arima_p1_d1_q0,1,1,0,residual_acf,23,0.2403727448787505,0.05,True
Austria,arima_p1_d1_q0,1,1,0,residual_acf,24,0.8148495604718476,0.05,True
Austria,arima_p1_d1_q0,1,1,0,residual_acf,25,0.2434731656264542,0.05,True
Austria,arima_p1_d1_q0,1,1,0,residual_acf,26,0.050051022960593085,0.05,True
Austria,arima_p1_d1_q0,1,1,0,residual_acf,27,-0.15646672139328882,0.05,True
Austria,arima_p1_d1_q0,1,1,0,residual_acf,28,-0.03170902700252271,0.05,False
Austria,arima_p1_d1_q0,1,1,0,residual_acf,29,-0.10530300744864932,0.05,True
Austria,arima_p1_d1_q0,1,1,0,residual_acf,30,-0.19676971224541903,0.05,True
Austria,arima_p1_d1_q0,1,1,0,residual_acf,31,-0.15504732044757158,0.05,True
Austria,arima_p1_d1_q0,1,1,0,residual_acf,32,-0.08065283023651984,0.05,True
Austria,arima_p1_d1_q0,1,1,0,residual_acf,33,-0.04510064047111888,0.05,False
Austria,arima_p1_d1_q0,1,1,0,residual_acf,34,-0.11540163936085283,0.05,True
Austria,arima_p1_d1_q0,1,1,0,residual_acf,35,0.14376661110843408,0.05,True
Austria,arima_p1_d1_q0,1,1,0,residual_acf,36,0.11606688591800209,0.05,True
Austria,arima_p1_d1_q0,1,1,0,residual_acf,37,0.13793262181964985,0.05,True
Austria,arima_p1_d1_q0,1,1,0,residual_acf,38,-0.1279636382274256,0.05,True
Austria,arima_p1_d1_q0,1,1,0,residual_acf,39,-0.049487550190330326,0.05,False
Austria,arima_p1_d1_q0,1,1,0,residual_acf,40,-0.09222129658057371,0.05,True
Austria,arima_p1_d1_q0,1,1,0,residual_acf,41,-0.16023019125604487,0.05,True
Austria,arima_p1_d1_q0,1,1,0,residual_acf,42,-0.1929293931994039,0.05,True
Austria,arima_p1_d1_q0,1,1,0,residual_acf,43,-0.09783016941449889,0.05,True
Austria,arima_p1_d1_q0,1,1,0,residual_acf,44,-0.009113049701581515,0.05,False
Austria,arima_p1_d1_q0,1,1,0,residual_acf,45,-0.131342040842938,0.05,True
Austria,arima_p1_d1_q0,1,1,0,residual_acf,46,0.06184526050700602,0.05,True
Austria,arima_p1_d1_q0,1,1,0,residual_acf,47,0.2133199420008697,0.05,True
Austria,arima_p1_d1_q0,1,1,0,residual_acf,48,0.7414675377560753,0.05,True
Austria,arima_p1_d1_q0,1,1,0,ljung_box_statistic,24,38910.60013685941,0.01,True
Austria,arima_p1_d1_q0,1,1,0,ljung_box_pvalue,24,0.0,0.01,True
Austria,arima_p1_d1_q0,1,1,0,ljung_box_statistic,48,72324.39531451036,0.01,True
Austria,arima_p1_d1_q0,1,1,0,ljung_box_pvalue,48,0.0,0.01,True
Austria,arima_p0_d1_q1,0,1,1,residual_acf,1,0.33022517848129485,0.05,True
Austria,arima_p0_d1_q1,0,1,1,residual_acf,2,0.44217542419883465,0.05,True
Austria,arima_p0_d1_q1,0,1,1,residual_acf,3,-0.03958373581344918,0.05,False
Austria,arima_p0_d1_q1,0,1,1,residual_acf,4,0.05150267774667926,0.05,True
Austria,arima_p0_d1_q1,0,1,1,residual_acf,5,-0.17904182309450006,0.05,True
Austria,arima_p0_d1_q1,0,1,1,residual_acf,6,-0.21117388334496143,0.05,True
Austria,arima_p0_d1_q1,0,1,1,residual_acf,7,-0.22867956168622228,0.05,True
Austria,arima_p0_d1_q1,0,1,1,residual_acf,8,-0.23645128784034503,0.05,True
Austria,arima_p0_d1_q1,0,1,1,residual_acf,9,-0.12527164535223334,0.05,True
Austria,arima_p0_d1_q1,0,1,1,residual_acf,10,-0.20986643435885424,0.05,True
Austria,arima_p0_d1_q1,0,1,1,residual_acf,11,0.047642407222604315,0.05,False
Austria,arima_p0_d1_q1,0,1,1,residual_acf,12,-0.08294774670572658,0.05,True
Austria,arima_p0_d1_q1,0,1,1,residual_acf,13,0.04170217823430215,0.05,False
Austria,arima_p0_d1_q1,0,1,1,residual_acf,14,-0.2211119881292629,0.05,True
Austria,arima_p0_d1_q1,0,1,1,residual_acf,15,-0.13901888857522132,0.05,True
Austria,arima_p0_d1_q1,0,1,1,residual_acf,16,-0.2505755103413513,0.05,True
Austria,arima_p0_d1_q1,0,1,1,residual_acf,17,-0.23500272388514584,0.05,True
Austria,arima_p0_d1_q1,0,1,1,residual_acf,18,-0.21462455806084146,0.05,True
Austria,arima_p0_d1_q1,0,1,1,residual_acf,19,-0.164576570664517,0.05,True
Austria,arima_p0_d1_q1,0,1,1,residual_acf,20,0.049264694827284725,0.05,False
Austria,arima_p0_d1_q1,0,1,1,residual_acf,21,-0.013783873085318775,0.05,False
Austria,arima_p0_d1_q1,0,1,1,residual_acf,22,0.39288069573415546,0.05,True
Austria,arima_p0_d1_q1,0,1,1,residual_acf,23,0.32725416617469727,0.05,True
Austria,arima_p0_d1_q1,0,1,1,residual_acf,24,0.8471080497934811,0.05,True
Austria,arima_p0_d1_q1,0,1,1,residual_acf,25,0.32826568616299256,0.05,True
Austria,arima_p0_d1_q1,0,1,1,residual_acf,26,0.39672995072280626,0.05,True
Austria,arima_p0_d1_q1,0,1,1,residual_acf,27,-0.015503089056326814,0.05,False
Austria,arima_p0_d1_q1,0,1,1,residual_acf,28,0.0454871246698568,0.05,False
Austria,arima_p0_d1_q1,0,1,1,residual_acf,29,-0.1690171361873432,0.05,True
Austria,arima_p0_d1_q1,0,1,1,residual_acf,30,-0.21106143590522874,0.05,True
Austria,arima_p0_d1_q1,0,1,1,residual_acf,31,-0.2285564020784601,0.05,True
Austria,arima_p0_d1_q1,0,1,1,residual_acf,32,-0.2263948708137036,0.05,True
Austria,arima_p0_d1_q1,0,1,1,residual_acf,33,-0.11774584751094291,0.05,True
Austria,arima_p0_d1_q1,0,1,1,residual_acf,34,-0.19768247124776694,0.05,True
Austria,arima_p0_d1_q1,0,1,1,residual_acf,35,0.047615397429322706,0.05,False
Austria,arima_p0_d1_q1,0,1,1,residual_acf,36,-0.08498731684944191,0.05,True
Austria,arima_p0_d1_q1,0,1,1,residual_acf,37,0.042420916501255124,0.05,False
Austria,arima_p0_d1_q1,0,1,1,residual_acf,38,-0.2108525907836847,0.05,True
Austria,arima_p0_d1_q1,0,1,1,residual_acf,39,-0.1253751431364272,0.05,True
Austria,arima_p0_d1_q1,0,1,1,residual_acf,40,-0.23847736959778598,0.05,True
Austria,arima_p0_d1_q1,0,1,1,residual_acf,41,-0.23286974158610377,0.05,True
Austria,arima_p0_d1_q1,0,1,1,residual_acf,42,-0.20890572934808146,0.05,True
Austria,arima_p0_d1_q1,0,1,1,residual_acf,43,-0.16317259779969664,0.05,True
Austria,arima_p0_d1_q1,0,1,1,residual_acf,44,0.05664276699563202,0.05,True
Austria,arima_p0_d1_q1,0,1,1,residual_acf,45,-0.009759231957500355,0.05,False
Austria,arima_p0_d1_q1,0,1,1,residual_acf,46,0.3857472829509507,0.05,True
Austria,arima_p0_d1_q1,0,1,1,residual_acf,47,0.2973313040622563,0.05,True
Austria,arima_p0_d1_q1,0,1,1,residual_acf,48,0.792129514642311,0.05,True
Austria,arima_p0_d1_q1,0,1,1,ljung_box_statistic,24,63291.454047812054,0.01,True
Austria,arima_p0_d1_q1,0,1,1,ljung_box_pvalue,24,0.0,0.01,True
Austria,arima_p0_d1_q1,0,1,1,ljung_box_statistic,48,120048.8694384069,0.01,True
Austria,arima_p0_d1_q1,0,1,1,ljung_box_pvalue,48,0.0,0.01,True
Austria,arima_p1_d1_q1,1,1,1,residual_acf,1,0.04742950107518906,0.05,False
Austria,arima_p1_d1_q1,1,1,1,residual_acf,2,0.12265549301894191,0.05,True
Austria,arima_p1_d1_q1,1,1,1,residual_acf,3,-0.18260974204177013,0.05,True
Austria,arima_p1_d1_q1,1,1,1,residual_acf,4,0.019867076042783958,0.05,False
Austria,arima_p1_d1_q1,1,1,1,residual_acf,5,-0.08549315211030217,0.05,True
Austria,arima_p1_d1_q1,1,1,1,residual_acf,6,-0.16576854815569128,0.05,True
Austria,arima_p1_d1_q1,1,1,1,residual_acf,7,-0.11108501281115601,0.05,True
Austria,arima_p1_d1_q1,1,1,1,residual_acf,8,-0.09089882368699483,0.05,True
Austria,arima_p1_d1_q1,1,1,1,residual_acf,9,-0.019800745595471198,0.05,False
Austria,arima_p1_d1_q1,1,1,1,residual_acf,10,-0.17597958094753233,0.05,True
Austria,arima_p1_d1_q1,1,1,1,residual_acf,11,0.15626551152103768,0.05,True
Austria,arima_p1_d1_q1,1,1,1,residual_acf,12,0.03323152542490379,0.05,False
Austria,arima_p1_d1_q1,1,1,1,residual_acf,13,0.15309857142332042,0.05,True
Austria,arima_p1_d1_q1,1,1,1,residual_acf,14,-0.18165928357102773,0.05,True
Austria,arima_p1_d1_q1,1,1,1,residual_acf,15,-0.03011018385179471,0.05,False
Austria,arima_p1_d1_q1,1,1,1,residual_acf,16,-0.09915629528468664,0.05,True
Austria,arima_p1_d1_q1,1,1,1,residual_acf,17,-0.12002997372622606,0.05,True
Austria,arima_p1_d1_q1,1,1,1,residual_acf,18,-0.1614191207515185,0.05,True
Austria,arima_p1_d1_q1,1,1,1,residual_acf,19,-0.07958299403151275,0.05,True
Austria,arima_p1_d1_q1,1,1,1,residual_acf,20,0.035980896149717743,0.05,False
Austria,arima_p1_d1_q1,1,1,1,residual_acf,21,-0.15207382133239655,0.05,True
Austria,arima_p1_d1_q1,1,1,1,residual_acf,22,0.11674830988822672,0.05,True
Austria,arima_p1_d1_q1,1,1,1,residual_acf,23,0.08239603655565042,0.05,True
Austria,arima_p1_d1_q1,1,1,1,residual_acf,24,0.8025993067860814,0.05,True
Austria,arima_p1_d1_q1,1,1,1,residual_acf,25,0.08345608363744003,0.05,True
Austria,arima_p1_d1_q1,1,1,1,residual_acf,26,0.12464242554850699,0.05,True
Austria,arima_p1_d1_q1,1,1,1,residual_acf,27,-0.15280379152955736,0.05,True
Austria,arima_p1_d1_q1,1,1,1,residual_acf,28,0.02813733947401951,0.05,False
Austria,arima_p1_d1_q1,1,1,1,residual_acf,29,-0.08599006137893657,0.05,True
Austria,arima_p1_d1_q1,1,1,1,residual_acf,30,-0.1646336432768321,0.05,True
Austria,arima_p1_d1_q1,1,1,1,residual_acf,31,-0.12350434715200839,0.05,True
Austria,arima_p1_d1_q1,1,1,1,residual_acf,32,-0.08063395969494964,0.05,True
Austria,arima_p1_d1_q1,1,1,1,residual_acf,33,-0.014696774471636963,0.05,False
Austria,arima_p1_d1_q1,1,1,1,residual_acf,34,-0.16205034729812623,0.05,True
Austria,arima_p1_d1_q1,1,1,1,residual_acf,35,0.15134883925286544,0.05,True
Austria,arima_p1_d1_q1,1,1,1,residual_acf,36,0.020279665433206143,0.05,False
Austria,arima_p1_d1_q1,1,1,1,residual_acf,37,0.14805593826321567,0.05,True
Austria,arima_p1_d1_q1,1,1,1,residual_acf,38,-0.17433978187561358,0.05,True
Austria,arima_p1_d1_q1,1,1,1,residual_acf,39,-0.014840238877856354,0.05,False
Austria,arima_p1_d1_q1,1,1,1,residual_acf,40,-0.0917738034037372,0.05,True
Austria,arima_p1_d1_q1,1,1,1,residual_acf,41,-0.12725588756211006,0.05,True
Austria,arima_p1_d1_q1,1,1,1,residual_acf,42,-0.16072388210554217,0.05,True
Austria,arima_p1_d1_q1,1,1,1,residual_acf,43,-0.08338509171562238,0.05,True
Austria,arima_p1_d1_q1,1,1,1,residual_acf,44,0.044969279286877044,0.05,False
Austria,arima_p1_d1_q1,1,1,1,residual_acf,45,-0.1366475428920628,0.05,True
Austria,arima_p1_d1_q1,1,1,1,residual_acf,46,0.13309982355464017,0.05,True
Austria,arima_p1_d1_q1,1,1,1,residual_acf,47,0.06403347529018784,0.05,True
Austria,arima_p1_d1_q1,1,1,1,residual_acf,48,0.7384978662452497,0.05,True
Austria,arima_p1_d1_q1,1,1,1,ljung_box_statistic,24,33880.04656186571,0.01,True
Austria,arima_p1_d1_q1,1,1,1,ljung_box_pvalue,24,0.0,0.01,True
Austria,arima_p1_d1_q1,1,1,1,ljung_box_statistic,48,63720.997890637125,0.01,True
Austria,arima_p1_d1_q1,1,1,1,ljung_box_pvalue,48,0.0,0.01,True
Austria,arima_p2_d1_q0,2,1,0,residual_acf,1,-0.04734160764119824,0.05,False
Austria,arima_p2_d1_q0,2,1,0,residual_acf,2,0.11467019104452979,0.05,True
Austria,arima_p2_d1_q0,2,1,0,residual_acf,3,-0.1384484784972389,0.05,True
Austria,arima_p2_d1_q0,2,1,0,residual_acf,4,0.08591245385214923,0.05,True
Austria,arima_p2_d1_q0,2,1,0,residual_acf,5,-0.039219593983811765,0.05,False
Austria,arima_p2_d1_q0,2,1,0,residual_acf,6,-0.1496360958472524,0.05,True
Austria,arima_p2_d1_q0,2,1,0,residual_acf,7,-0.09282028779064815,0.05,True
Austria,arima_p2_d1_q0,2,1,0,residual_acf,8,-0.07194333403384834,0.05,True
Austria,arima_p2_d1_q0,2,1,0,residual_acf,9,-0.017123529214668105,0.05,False
Austria,arima_p2_d1_q0,2,1,0,residual_acf,10,-0.22001908617130583,0.05,True
Austria,arima_p2_d1_q0,2,1,0,residual_acf,11,0.1257914490014104,0.05,True
Austria,arima_p2_d1_q0,2,1,0,residual_acf,12,-0.01951623575141926,0.05,False
Austria,arima_p2_d1_q0,2,1,0,residual_acf,13,0.12353521969617874,0.05,True
Austria,arima_p2_d1_q0,2,1,0,residual_acf,14,-0.22385734179991,0.05,True
Austria,arima_p2_d1_q0,2,1,0,residual_acf,15,-0.025005233494961955,0.05,False
Austria,arima_p2_d1_q0,2,1,0,residual_acf,16,-0.07779951923979186,0.05,True
Austria,arima_p2_d1_q0,2,1,0,residual_acf,17,-0.10121330818260935,0.05,True
Austria,arima_p2_d1_q0,2,1,0,residual_acf,18,-0.1464636352425643,0.05,True
Austria,arima_p2_d1_q0,2,1,0,residual_acf,19,-0.04080654517227854,0.05,False
Austria,arima_p2_d1_q0,2,1,0,residual_acf,20,0.09200869428691269,0.05,True
Austria,arima_p2_d1_q0,2,1,0,residual_acf,21,-0.12248910308241373,0.05,True
Austria,arima_p2_d1_q0,2,1,0,residual_acf,22,0.10859969427920378,0.05,True
Austria,arima_p2_d1_q0,2,1,0,residual_acf,23,0.007312276373803449,0.05,False
Austria,arima_p2_d1_q0,2,1,0,residual_acf,24,0.7930176786891332,0.05,True
Austria,arima_p2_d1_q0,2,1,0,residual_acf,25,0.006794620522904275,0.05,False
Austria,arima_p2_d1_q0,2,1,0,residual_acf,26,0.11655418967983343,0.05,True
Austria,arima_p2_d1_q0,2,1,0,residual_acf,27,-0.12268564984077077,0.05,True
Austria,arima_p2_d1_q0,2,1,0,residual_acf,28,0.08584967377367012,0.05,True
Austria,arima_p2_d1_q0,2,1,0,residual_acf,29,-0.04308250662829775,0.05,False
Austria,arima_p2_d1_q0,2,1,0,residual_acf,30,-0.1467067207164898,0.05,True
Austria,arima_p2_d1_q0,2,1,0,residual_acf,31,-0.10536766886649757,0.05,True
Austria,arima_p2_d1_q0,2,1,0,residual_acf,32,-0.06106473352261615,0.05,True
Austria,arima_p2_d1_q0,2,1,0,residual_acf,33,-0.01371705075730061,0.05,False
Austria,arima_p2_d1_q0,2,1,0,residual_acf,34,-0.20547155192978214,0.05,True
Austria,arima_p2_d1_q0,2,1,0,residual_acf,35,0.12262368178176247,0.05,True
Austria,arima_p2_d1_q0,2,1,0,residual_acf,36,-0.030204890271719406,0.05,False
Austria,arima_p2_d1_q0,2,1,0,residual_acf,37,0.12066564066925019,0.05,True
Austria,arima_p2_d1_q0,2,1,0,residual_acf,38,-0.2166339336989956,0.05,True
Austria,arima_p2_d1_q0,2,1,0,residual_acf,39,-0.010366574894987048,0.05,False
Austria,arima_p2_d1_q0,2,1,0,residual_acf,40,-0.07127329562720526,0.05,True
Austria,arima_p2_d1_q0,2,1,0,residual_acf,41,-0.10854907568883838,0.05,True
Austria,arima_p2_d1_q0,2,1,0,residual_acf,42,-0.14356028594186618,0.05,True
Austria,arima_p2_d1_q0,2,1,0,residual_acf,43,-0.04605846637586668,0.05,False
Austria,arima_p2_d1_q0,2,1,0,residual_acf,44,0.09556114296117837,0.05,True
Austria,arima_p2_d1_q0,2,1,0,residual_acf,45,-0.11349428990384011,0.05,True
Austria,arima_p2_d1_q0,2,1,0,residual_acf,46,0.12585311113795844,0.05,True
Austria,arima_p2_d1_q0,2,1,0,residual_acf,47,-0.005606749862810778,0.05,False
Austria,arima_p2_d1_q0,2,1,0,residual_acf,48,0.7318402455873316,0.05,True
Austria,arima_p2_d1_q0,2,1,0,ljung_box_statistic,24,32052.8734101174,0.01,True
Austria,arima_p2_d1_q0,2,1,0,ljung_box_pvalue,24,0.0,0.01,True
Austria,arima_p2_d1_q0,2,1,0,ljung_box_statistic,48,60377.2847008026,0.01,True
Austria,arima_p2_d1_q0,2,1,0,ljung_box_pvalue,48,0.0,0.01,True
Austria,arima_p0_d1_q2,0,1,2,residual_acf,1,0.13058497341637162,0.05,True
Austria,arima_p0_d1_q2,0,1,2,residual_acf,2,0.13089665983570287,0.05,True
Austria,arima_p0_d1_q2,0,1,2,residual_acf,3,0.12940982344177704,0.05,True
Austria,arima_p0_d1_q2,0,1,2,residual_acf,4,-0.08551710794416893,0.05,True
Austria,arima_p0_d1_q2,0,1,2,residual_acf,5,-0.06188583804287689,0.05,True
Austria,arima_p0_d1_q2,0,1,2,residual_acf,6,-0.15004583031846314,0.05,True
Austria,arima_p0_d1_q2,0,1,2,residual_acf,7,-0.2167850170093187,0.05,True
Austria,arima_p0_d1_q2,0,1,2,residual_acf,8,-0.08504135093442748,0.05,True
Austria,arima_p0_d1_q2,0,1,2,residual_acf,9,-0.09424670475191572,0.05,True
Austria,arima_p0_d1_q2,0,1,2,residual_acf,10,-0.1851135186136669,0.05,True
Austria,arima_p0_d1_q2,0,1,2,residual_acf,11,0.059552510713991265,0.05,True
Austria,arima_p0_d1_q2,0,1,2,residual_acf,12,-0.0120340563803679,0.05,False
Austria,arima_p0_d1_q2,0,1,2,residual_acf,13,0.04881467274969269,0.05,False
Austria,arima_p0_d1_q2,0,1,2,residual_acf,14,-0.1831584585604697,0.05,True
Austria,arima_p0_d1_q2,0,1,2,residual_acf,15,-0.10910625093879188,0.05,True
Austria,arima_p0_d1_q2,0,1,2,residual_acf,16,-0.101407767062487,0.05,True
Austria,arima_p0_d1_q2,0,1,2,residual_acf,17,-0.20534164705330396,0.05,True
Austria,arima_p0_d1_q2,0,1,2,residual_acf,18,-0.1653633458972783,0.05,True
Austria,arima_p0_d1_q2,0,1,2,residual_acf,19,-0.06323936739839342,0.05,True
Austria,arima_p0_d1_q2,0,1,2,residual_acf,20,-0.03657487273928515,0.05,False
Austria,arima_p0_d1_q2,0,1,2,residual_acf,21,0.08239194922771977,0.05,True
Austria,arima_p0_d1_q2,0,1,2,residual_acf,22,0.13955902839069173,0.05,True
Austria,arima_p0_d1_q2,0,1,2,residual_acf,23,0.17345012504408838,0.05,True
Austria,arima_p0_d1_q2,0,1,2,residual_acf,24,0.7916227748717324,0.05,True
Austria,arima_p0_d1_q2,0,1,2,residual_acf,25,0.16790858210103768,0.05,True
Austria,arima_p0_d1_q2,0,1,2,residual_acf,26,0.15034535561026977,0.05,True
Austria,arima_p0_d1_q2,0,1,2,residual_acf,27,0.08100299859586689,0.05,True
Austria,arima_p0_d1_q2,0,1,2,residual_acf,28,-0.04699836848526628,0.05,False
Austria,arima_p0_d1_q2,0,1,2,residual_acf,29,-0.05929527070209449,0.05,True
Austria,arima_p0_d1_q2,0,1,2,residual_acf,30,-0.16659885266762617,0.05,True
Austria,arima_p0_d1_q2,0,1,2,residual_acf,31,-0.20566039093900812,0.05,True
Austria,arima_p0_d1_q2,0,1,2,residual_acf,32,-0.0788743657244528,0.05,True
Austria,arima_p0_d1_q2,0,1,2,residual_acf,33,-0.09582367060940544,0.05,True
Austria,arima_p0_d1_q2,0,1,2,residual_acf,34,-0.16677608655081982,0.05,True
Austria,arima_p0_d1_q2,0,1,2,residual_acf,35,0.05711416389318031,0.05,True
Austria,arima_p0_d1_q2,0,1,2,residual_acf,36,-0.02120148326614093,0.05,False
Austria,arima_p0_d1_q2,0,1,2,residual_acf,37,0.053391914511254454,0.05,True
Austria,arima_p0_d1_q2,0,1,2,residual_acf,38,-0.1787752853464811,0.05,True
Austria,arima_p0_d1_q2,0,1,2,residual_acf,39,-0.09607481378917783,0.05,True
Austria,arima_p0_d1_q2,0,1,2,residual_acf,40,-0.09191176546070588,0.05,True
Austria,arima_p0_d1_q2,0,1,2,residual_acf,41,-0.20760695627847497,0.05,True
Austria,arima_p0_d1_q2,0,1,2,residual_acf,42,-0.16294369848222062,0.05,True
Austria,arima_p0_d1_q2,0,1,2,residual_acf,43,-0.06059874158713149,0.05,True
Austria,arima_p0_d1_q2,0,1,2,residual_acf,44,-0.030032908434632452,0.05,False
Austria,arima_p0_d1_q2,0,1,2,residual_acf,45,0.07915465180689067,0.05,True
Austria,arima_p0_d1_q2,0,1,2,residual_acf,46,0.14919853407997793,0.05,True
Austria,arima_p0_d1_q2,0,1,2,residual_acf,47,0.15797977592871182,0.05,True
Austria,arima_p0_d1_q2,0,1,2,residual_acf,48,0.7278707087899083,0.05,True
Austria,arima_p0_d1_q2,0,1,2,ljung_box_statistic,24,35119.079497113664,0.01,True
Austria,arima_p0_d1_q2,0,1,2,ljung_box_pvalue,24,0.0,0.01,True
Austria,arima_p0_d1_q2,0,1,2,ljung_box_statistic,48,66346.89631796573,0.01,True
Austria,arima_p0_d1_q2,0,1,2,ljung_box_pvalue,48,0.0,0.01,True
Austria,arima_p2_d1_q1,2,1,1,residual_acf,1,0.11250490799511668,0.05,True
Austria,arima_p2_d1_q1,2,1,1,residual_acf,2,-0.02396005773118272,0.05,False
Austria,arima_p2_d1_q1,2,1,1,residual_acf,3,-0.1816640525344351,0.05,True
Austria,arima_p2_d1_q1,2,1,1,residual_acf,4,0.07317199786069553,0.05,True
Austria,arima_p2_d1_q1,2,1,1,residual_acf,5,0.03674155515233555,0.05,False
Austria,arima_p2_d1_q1,2,1,1,residual_acf,6,-0.061701034184314246,0.05,True
Austria,arima_p2_d1_q1,2,1,1,residual_acf,7,-0.017450540907027016,0.05,False
Austria,arima_p2_d1_q1,2,1,1,residual_acf,8,0.00898867621216423,0.05,False
Austria,arima_p2_d1_q1,2,1,1,residual_acf,9,-0.0012742030417946318,0.05,False
Austria,arima_p2_d1_q1,2,1,1,residual_acf,10,-0.15611525688494388,0.05,True
Austria,arima_p2_d1_q1,2,1,1,residual_acf,11,0.13868114912807641,0.05,True
Austria,arima_p2_d1_q1,2,1,1,residual_acf,12,0.09065935126508512,0.05,True
Austria,arima_p2_d1_q1,2,1,1,residual_acf,13,0.13253149000261621,0.05,True
Austria,arima_p2_d1_q1,2,1,1,residual_acf,14,-0.16927173996859696,0.05,True
Austria,arima_p2_d1_q1,2,1,1,residual_acf,15,-0.024130300247567436,0.05,False
Austria,arima_p2_d1_q1,2,1,1,residual_acf,16,-0.019330412989383934,0.05,False
Austria,arima_p2_d1_q1,2,1,1,residual_acf,17,-0.05147599081247437,0.05,True
Austria,arima_p2_d1_q1,2,1,1,residual_acf,18,-0.08890463180876447,0.05,True
Austria,arima_p2_d1_q1,2,1,1,residual_acf,19,0.00883941284496068,0.05,False
Austria,arima_p2_d1_q1,2,1,1,residual_acf,20,0.05964869819725575,0.05,True
Austria,arima_p2_d1_q1,2,1,1,residual_acf,21,-0.1788986569895641,0.05,True
Austria,arima_p2_d1_q1,2,1,1,residual_acf,22,-0.03387106174347917,0.05,False
Austria,arima_p2_d1_q1,2,1,1,residual_acf,23,0.09447492300750011,0.05,True
Austria,arima_p2_d1_q1,2,1,1,residual_acf,24,0.7650616262938853,0.05,True
Austria,arima_p2_d1_q1,2,1,1,residual_acf,25,0.09624746714217507,0.05,True
Austria,arima_p2_d1_q1,2,1,1,residual_acf,26,-0.025981454105242018,0.05,False
Austria,arima_p2_d1_q1,2,1,1,residual_acf,27,-0.18229272978577102,0.05,True
Austria,arima_p2_d1_q1,2,1,1,residual_acf,28,0.04442904452278942,0.05,False
Austria,arima_p2_d1_q1,2,1,1,residual_acf,29,-0.008141714255453911,0.05,False
Austria,arima_p2_d1_q1,2,1,1,residual_acf,30,-0.10753738762035983,0.05,True
Austria,arima_p2_d1_q1,2,1,1,residual_acf,31,-0.07161483366596076,0.05,True
Austria,arima_p2_d1_q1,2,1,1,residual_acf,32,-0.020049273944424576,0.05,False
Austria,arima_p2_d1_q1,2,1,1,residual_acf,33,-0.02618945605293997,0.05,False
Austria,arima_p2_d1_q1,2,1,1,residual_acf,34,-0.17327123340217368,0.05,True
Austria,arima_p2_d1_q1,2,1,1,residual_acf,35,0.10137179835421804,0.05,True
Austria,arima_p2_d1_q1,2,1,1,residual_acf,36,0.042044771558817445,0.05,False
Austria,arima_p2_d1_q1,2,1,1,residual_acf,37,0.09497703598627806,0.05,True
Austria,arima_p2_d1_q1,2,1,1,residual_acf,38,-0.18869359940333666,0.05,True
Austria,arima_p2_d1_q1,2,1,1,residual_acf,39,-0.033690846781630784,0.05,False
Austria,arima_p2_d1_q1,2,1,1,residual_acf,40,-0.04096984360496945,0.05,False
Austria,arima_p2_d1_q1,2,1,1,residual_acf,41,-0.09059111816826013,0.05,True
Austria,arima_p2_d1_q1,2,1,1,residual_acf,42,-0.12233922560659588,0.05,True
Austria,arima_p2_d1_q1,2,1,1,residual_acf,43,-0.02494247002889949,0.05,False
Austria,arima_p2_d1_q1,2,1,1,residual_acf,44,0.043209214021290236,0.05,False
Austria,arima_p2_d1_q1,2,1,1,residual_acf,45,-0.17800896358355606,0.05,True
Austria,arima_p2_d1_q1,2,1,1,residual_acf,46,-0.029131154406078708,0.05,False
Austria,arima_p2_d1_q1,2,1,1,residual_acf,47,0.05229135384107668,0.05,True
Austria,arima_p2_d1_q1,2,1,1,residual_acf,48,0.671427567582534,0.05,True
Austria,arima_p2_d1_q1,2,1,1,ljung_box_statistic,24,27970.11605682482,0.01,True
Austria,arima_p2_d1_q1,2,1,1,ljung_box_pvalue,24,0.0,0.01,True
Austria,arima_p2_d1_q1,2,1,1,ljung_box_statistic,48,51275.91314909486,0.01,True
Austria,arima_p2_d1_q1,2,1,1,ljung_box_pvalue,48,0.0,0.01,True
Austria,arima_p1_d1_q2,1,1,2,residual_acf,1,-0.001973099778152163,0.05,False
Austria,arima_p1_d1_q2,1,1,2,residual_acf,2,0.002219231497901843,0.05,False
Austria,arima_p1_d1_q2,1,1,2,residual_acf,3,0.021882207124114515,0.05,False
Austria,arima_p1_d1_q2,1,1,2,residual_acf,4,0.01844478041589578,0.05,False
Austria,arima_p1_d1_q2,1,1,2,residual_acf,5,-0.055375649743947736,0.05,True
Austria,arima_p1_d1_q2,1,1,2,residual_acf,6,-0.15461738698851007,0.05,True
Austria,arima_p1_d1_q2,1,1,2,residual_acf,7,-0.12924965034181474,0.05,True
Austria,arima_p1_d1_q2,1,1,2,residual_acf,8,-0.036316586543700305,0.05,False
Austria,arima_p1_d1_q2,1,1,2,residual_acf,9,-0.03895996016759554,0.05,False
Austria,arima_p1_d1_q2,1,1,2,residual_acf,10,-0.19529663671592562,0.05,True
Austria,arima_p1_d1_q2,1,1,2,residual_acf,11,0.0921783316480763,0.05,True
Austria,arima_p1_d1_q2,1,1,2,residual_acf,12,0.032225152660538735,0.05,False
Austria,arima_p1_d1_q2,1,1,2,residual_acf,13,0.0900026311046672,0.05,True
Austria,arima_p1_d1_q2,1,1,2,residual_acf,14,-0.19967969127023397,0.05,True
Austria,arima_p1_d1_q2,1,1,2,residual_acf,15,-0.04892909029565096,0.05,False
Austria,arima_p1_d1_q2,1,1,2,residual_acf,16,-0.04141468746582357,0.05,False
Austria,arima_p1_d1_q2,1,1,2,residual_acf,17,-0.13261914343533363,0.05,True
Austria,arima_p1_d1_q2,1,1,2,residual_acf,18,-0.16150614945418504,0.05,True
Austria,arima_p1_d1_q2,1,1,2,residual_acf,19,-0.046781862205599184,0.05,False
Austria,arima_p1_d1_q2,1,1,2,residual_acf,20,0.043912349584291625,0.05,False
Austria,arima_p1_d1_q2,1,1,2,residual_acf,21,-0.009677171988581607,0.05,False
Austria,arima_p1_d1_q2,1,1,2,residual_acf,22,0.028382006331897112,0.05,False
Austria,arima_p1_d1_q2,1,1,2,residual_acf,23,0.0545569004971782,0.05,True
Austria,arima_p1_d1_q2,1,1,2,residual_acf,24,0.7783647959799476,0.05,True
Austria,arima_p1_d1_q2,1,1,2,residual_acf,25,0.05015129875750963,0.05,True
Austria,arima_p1_d1_q2,1,1,2,residual_acf,26,0.03880044100922826,0.05,False
Austria,arima_p1_d1_q2,1,1,2,residual_acf,27,-0.01018027768340892,0.05,False
Austria,arima_p1_d1_q2,1,1,2,residual_acf,28,0.03393014184186363,0.05,False
Austria,arima_p1_d1_q2,1,1,2,residual_acf,29,-0.04521561025827695,0.05,False
Austria,arima_p1_d1_q2,1,1,2,residual_acf,30,-0.16245802748707167,0.05,True
Austria,arima_p1_d1_q2,1,1,2,residual_acf,31,-0.13642846632507105,0.05,True
Austria,arima_p1_d1_q2,1,1,2,residual_acf,32,-0.02454737196176311,0.05,False
Austria,arima_p1_d1_q2,1,1,2,residual_acf,33,-0.03802095556252407,0.05,False
Austria,arima_p1_d1_q2,1,1,2,residual_acf,34,-0.18300355184086062,0.05,True
Austria,arima_p1_d1_q2,1,1,2,residual_acf,35,0.09155456661501887,0.05,True
Austria,arima_p1_d1_q2,1,1,2,residual_acf,36,0.021259356202812302,0.05,False
Austria,arima_p1_d1_q2,1,1,2,residual_acf,37,0.08861889995522491,0.05,True
Austria,arima_p1_d1_q2,1,1,2,residual_acf,38,-0.19412861205356316,0.05,True
Austria,arima_p1_d1_q2,1,1,2,residual_acf,39,-0.03472760210871828,0.05,False
Austria,arima_p1_d1_q2,1,1,2,residual_acf,40,-0.03528945247297044,0.05,False
Austria,arima_p1_d1_q2,1,1,2,residual_acf,41,-0.14010977106288494,0.05,True
Austria,arima_p1_d1_q2,1,1,2,residual_acf,42,-0.15797714286655729,0.05,True
Austria,arima_p1_d1_q2,1,1,2,residual_acf,43,-0.04503078827687497,0.05,False
Austria,arima_p1_d1_q2,1,1,2,residual_acf,44,0.0452104572729288,0.05,False
Austria,arima_p1_d1_q2,1,1,2,residual_acf,45,-0.009123194140048895,0.05,False
Austria,arima_p1_d1_q2,1,1,2,residual_acf,46,0.04998654017415485,0.05,False
Austria,arima_p1_d1_q2,1,1,2,residual_acf,47,0.04383267004713651,0.05,False
Austria,arima_p1_d1_q2,1,1,2,residual_acf,48,0.7120419319662431,0.05,True
Austria,arima_p1_d1_q2,1,1,2,ljung_box_statistic,24,28212.401216095153,0.01,True
Austria,arima_p1_d1_q2,1,1,2,ljung_box_pvalue,24,0.0,0.01,True
Austria,arima_p1_d1_q2,1,1,2,ljung_box_statistic,48,52943.438876115164,0.01,True
Austria,arima_p1_d1_q2,1,1,2,ljung_box_pvalue,48,0.0,0.01,True
Austria,arima_p2_d1_q2,2,1,2,residual_acf,1,0.012309103154536934,0.05,False
Austria,arima_p2_d1_q2,2,1,2,residual_acf,2,0.04901574134770042,0.05,False
Austria,arima_p2_d1_q2,2,1,2,residual_acf,3,-0.16377639162842414,0.05,True
Austria,arima_p2_d1_q2,2,1,2,residual_acf,4,0.09978728216003756,0.05,True
Austria,arima_p2_d1_q2,2,1,2,residual_acf,5,0.028996487168728817,0.05,False
Austria,arima_p2_d1_q2,2,1,2,residual_acf,6,-0.06620263934919908,0.05,True
Austria,arima_p2_d1_q2,2,1,2,residual_acf,7,-0.015447690990571441,0.05,False
Austria,arima_p2_d1_q2,2,1,2,residual_acf,8,-0.0005973226107787866,0.05,False
Austria,arima_p2_d1_q2,2,1,2,residual_acf,9,0.020819074726245116,0.05,False
Austria,arima_p2_d1_q2,2,1,2,residual_acf,10,-0.1696821768606946,0.05,True
Austria,arima_p2_d1_q2,2,1,2,residual_acf,11,0.1547014058101486,0.05,True
Austria,arima_p2_d1_q2,2,1,2,residual_acf,12,0.04704877831442178,0.05,False
Austria,arima_p2_d1_q2,2,1,2,residual_acf,13,0.1492818966089207,0.05,True
Austria,arima_p2_d1_q2,2,1,2,residual_acf,14,-0.1807234320489882,0.05,True
Austria,arima_p2_d1_q2,2,1,2,residual_acf,15,0.0011582853623686724,0.05,False
Austria,arima_p2_d1_q2,2,1,2,residual_acf,16,-0.023665836993269667,0.05,False
Austria,arima_p2_d1_q2,2,1,2,residual_acf,17,-0.04472324331142525,0.05,False
Austria,arima_p2_d1_q2,2,1,2,residual_acf,18,-0.08768036001594388,0.05,True
Austria,arima_p2_d1_q2,2,1,2,residual_acf,19,0.003924783176839077,0.05,False
Austria,arima_p2_d1_q2,2,1,2,residual_acf,20,0.08566431701248695,0.05,True
Austria,arima_p2_d1_q2,2,1,2,residual_acf,21,-0.16282112631556125,0.05,True
Austria,arima_p2_d1_q2,2,1,2,residual_acf,22,0.02846534240002502,0.05,False
Austria,arima_p2_d1_q2,2,1,2,residual_acf,23,0.02152890020330926,0.05,False
Austria,arima_p2_d1_q2,2,1,2,residual_acf,24,0.7645430751198508,0.05,True
Austria,arima_p2_d1_q2,2,1,2,residual_acf,25,0.021316959745673998,0.05,False
Austria,arima_p2_d1_q2,2,1,2,residual_acf,26,0.03452004127174518,0.05,False
Austria,arima_p2_d1_q2,2,1,2,residual_acf,27,-0.16781963831220714,0.05,True
Austria,arima_p2_d1_q2,2,1,2,residual_acf,28,0.0703232658785203,0.05,True
Austria,arima_p2_d1_q2,2,1,2,residual_acf,29,-0.012177602993371464,0.05,False
Austria,arima_p2_d1_q2,2,1,2,residual_acf,30,-0.10504025163965869,0.05,True
Austria,arima_p2_d1_q2,2,1,2,residual_acf,31,-0.0664590516939466,0.05,True
Austria,arima_p2_d1_q2,2,1,2,residual_acf,32,-0.026214610428184022,0.05,False
Austria,arima_p2_d1_q2,2,1,2,residual_acf,33,-0.0064571427863881455,0.05,False
Austria,arima_p2_d1_q2,2,1,2,residual_acf,34,-0.18688918376741018,0.05,True
Austria,arima_p2_d1_q2,2,1,2,residual_acf,35,0.11819739478939721,0.05,True
Austria,arima_p2_d1_q2,2,1,2,residual_acf,36,0.0012639417720373273,0.05,False
Austria,arima_p2_d1_q2,2,1,2,residual_acf,37,0.1131187086932902,0.05,True
Austria,arima_p2_d1_q2,2,1,2,residual_acf,38,-0.20243849051025262,0.05,True
Austria,arima_p2_d1_q2,2,1,2,residual_acf,39,-0.011788503565395415,0.05,False
Austria,arima_p2_d1_q2,2,1,2,residual_acf,40,-0.04674105134442702,0.05,False
Austria,arima_p2_d1_q2,2,1,2,residual_acf,41,-0.08393283209712712,0.05,True
Austria,arima_p2_d1_q2,2,1,2,residual_acf,42,-0.11868674057692466,0.05,True
Austria,arima_p2_d1_q2,2,1,2,residual_acf,43,-0.030820022836826624,0.05,False
Austria,arima_p2_d1_q2,2,1,2,residual_acf,44,0.06574803542122286,0.05,True
Austria,arima_p2_d1_q2,2,1,2,residual_acf,45,-0.17030589118281822,0.05,True
Austria,arima_p2_d1_q2,2,1,2,residual_acf,46,0.027344625873703964,0.05,False
Austria,arima_p2_d1_q2,2,1,2,residual_acf,47,-0.01782903853851504,0.05,False
Austria,arima_p2_d1_q2,2,1,2,residual_acf,48,0.6751467848388666,0.05,True
Austria,arima_p2_d1_q2,2,1,2,ljung_box_statistic,24,27525.400795480662,0.01,True
Austria,arima_p2_d1_q2,2,1,2,ljung_box_pvalue,24,0.0,0.01,True
Austria,arima_p2_d1_q2,2,1,2,ljung_box_statistic,48,50976.38750742718,0.01,True
Austria,arima_p2_d1_q2,2,1,2,ljung_box_pvalue,48,0.0,0.01,True
Austria,arima_p3_d1_q0,3,1,0,residual_acf,1,0.005952186638534282,0.05,False
Austria,arima_p3_d1_q0,3,1,0,residual_acf,2,-0.019879465123147567,0.05,False
Austria,arima_p3_d1_q0,3,1,0,residual_acf,3,-0.11243492687916522,0.05,True
Austria,arima_p3_d1_q0,3,1,0,residual_acf,4,0.1343710448003828,0.05,True
Austria,arima_p3_d1_q0,3,1,0,residual_acf,5,0.024559935580004074,0.05,False
Austria,arima_p3_d1_q0,3,1,0,residual_acf,6,-0.13652931794549333,0.05,True
Austria,arima_p3_d1_q0,3,1,0,residual_acf,7,-0.0858110609223451,0.05,True
Austria,arima_p3_d1_q0,3,1,0,residual_acf,8,-0.03595858578784061,0.05,False
Austria,arima_p3_d1_q0,3,1,0,residual_acf,9,-0.04844471547679079,0.05,False
Austria,arima_p3_d1_q0,3,1,0,residual_acf,10,-0.2475303804889769,0.05,True
Austria,arima_p3_d1_q0,3,1,0,residual_acf,11,0.07056033695050669,0.05,True
Austria,arima_p3_d1_q0,3,1,0,residual_acf,12,0.0023713463641129107,0.05,False
Austria,arima_p3_d1_q0,3,1,0,residual_acf,13,0.06952331603525658,0.05,True
Austria,arima_p3_d1_q0,3,1,0,residual_acf,14,-0.24981401049662283,0.05,True
Austria,arima_p3_d1_q0,3,1,0,residual_acf,15,-0.05432607515719406,0.05,True
Austria,arima_p3_d1_q0,3,1,0,residual_acf,16,-0.041695751404189595,0.05,False
Austria,arima_p3_d1_q0,3,1,0,residual_acf,17,-0.09421535757136182,0.05,True
Austria,arima_p3_d1_q0,3,1,0,residual_acf,18,-0.13732425917272356,0.05,True
Austria,arima_p3_d1_q0,3,1,0,residual_acf,19,0.015583474207418888,0.05,False
Austria,arima_p3_d1_q0,3,1,0,residual_acf,20,0.132105574939735,0.05,True
Austria,arima_p3_d1_q0,3,1,0,residual_acf,21,-0.1046975611312555,0.05,True
Austria,arima_p3_d1_q0,3,1,0,residual_acf,22,-0.0003958090374978578,0.05,False
Austria,arima_p3_d1_q0,3,1,0,residual_acf,23,0.04630154864287556,0.05,False
Austria,arima_p3_d1_q0,3,1,0,residual_acf,24,0.790624561184625,0.05,True
Austria,arima_p3_d1_q0,3,1,0,residual_acf,25,0.04618446773470407,0.05,False
Austria,arima_p3_d1_q0,3,1,0,residual_acf,26,0.008914471639022254,0.05,False
Austria,arima_p3_d1_q0,3,1,0,residual_acf,27,-0.10346568552659112,0.05,True
Austria,arima_p3_d1_q0,3,1,0,residual_acf,28,0.1266712638587591,0.05,True
Austria,arima_p3_d1_q0,3,1,0,residual_acf,29,0.01544796662852817,0.05,False
Austria,arima_p3_d1_q0,3,1,0,residual_acf,30,-0.13749946203732533,0.05,True
Austria,arima_p3_d1_q0,3,1,0,residual_acf,31,-0.09862609947891046,0.05,True
Austria,arima_p3_d1_q0,3,1,0,residual_acf,32,-0.026751473875479853,0.05,False
Austria,arima_p3_d1_q0,3,1,0,residual_acf,33,-0.04105573860727034,0.05,False
Austria,arima_p3_d1_q0,3,1,0,residual_acf,34,-0.23097920217335513,0.05,True
Austria,arima_p3_d1_q0,3,1,0,residual_acf,35,0.06854371745752019,0.05,True
Austria,arima_p3_d1_q0,3,1,0,residual_acf,36,-0.010444396882454694,0.05,False
Austria,arima_p3_d1_q0,3,1,0,residual_acf,37,0.06605056890514936,0.05,True
Austria,arima_p3_d1_q0,3,1,0,residual_acf,38,-0.2399607365372889,0.05,True
Austria,arima_p3_d1_q0,3,1,0,residual_acf,39,-0.036429166742529724,0.05,False
Austria,arima_p3_d1_q0,3,1,0,residual_acf,40,-0.035381938352677375,0.05,False
Austria,arima_p3_d1_q0,3,1,0,residual_acf,41,-0.10266855682665334,0.05,True
Austria,arima_p3_d1_q0,3,1,0,residual_acf,42,-0.13706284680566233,0.05,True
Austria,arima_p3_d1_q0,3,1,0,residual_acf,43,0.007676650683660829,0.05,False
Austria,arima_p3_d1_q0,3,1,0,residual_acf,44,0.13060286537920812,0.05,True
Austria,arima_p3_d1_q0,3,1,0,residual_acf,45,-0.09353377708117705,0.05,True
Austria,arima_p3_d1_q0,3,1,0,residual_acf,46,0.024555954467351173,0.05,False
Austria,arima_p3_d1_q0,3,1,0,residual_acf,47,0.032277945266278,0.05,False
Austria,arima_p3_d1_q0,3,1,0,residual_acf,48,0.72326893263304,0.05,True
Austria,arima_p3_d1_q0,3,1,0,ljung_box_statistic,24,30966.61305252814,0.01,True
Austria,arima_p3_d1_q0,3,1,0,ljung_box_pvalue,24,0.0,0.01,True
Austria,arima_p3_d1_q0,3,1,0,ljung_box_statistic,48,57732.96487923579,0.01,True
Austria,arima_p3_d1_q0,3,1,0,ljung_box_pvalue,48,0.0,0.01,True
Austria,arima_p0_d1_q3,0,1,3,residual_acf,1,0.010089483248248349,0.05,False
Austria,arima_p0_d1_q3,0,1,3,residual_acf,2,0.03798908307350642,0.05,False
Austria,arima_p0_d1_q3,0,1,3,residual_acf,3,0.05709051714760543,0.05,True
Austria,arima_p0_d1_q3,0,1,3,residual_acf,4,0.038037756632678776,0.05,False
Austria,arima_p0_d1_q3,0,1,3,residual_acf,5,-0.09365716278065381,0.05,True
Austria,arima_p0_d1_q3,0,1,3,residual_acf,6,-0.14797128863334208,0.05,True
Austria,arima_p0_d1_q3,0,1,3,residual_acf,7,-0.13040089198709354,0.05,True
Austria,arima_p0_d1_q3,0,1,3,residual_acf,8,-0.06757118286871087,0.05,True
Austria,arima_p0_d1_q3,0,1,3,residual_acf,9,-0.0389154326132059,0.05,False
Austria,arima_p0_d1_q3,0,1,3,residual_acf,10,-0.20038998361963886,0.05,True
Austria,arima_p0_d1_q3,0,1,3,residual_acf,11,0.07465375368138476,0.05,True
Austria,arima_p0_d1_q3,0,1,3,residual_acf,12,0.014608738026303704,0.05,False
Austria,arima_p0_d1_q3,0,1,3,residual_acf,13,0.07586935995075564,0.05,True
Austria,arima_p0_d1_q3,0,1,3,residual_acf,14,-0.2083873229322039,0.05,True
Austria,arima_p0_d1_q3,0,1,3,residual_acf,15,-0.05143508467474662,0.05,True
Austria,arima_p0_d1_q3,0,1,3,residual_acf,16,-0.06590207184381529,0.05,True
Austria,arima_p0_d1_q3,0,1,3,residual_acf,17,-0.1376168664842687,0.05,True
Austria,arima_p0_d1_q3,0,1,3,residual_acf,18,-0.1611148703670404,0.05,True
Austria,arima_p0_d1_q3,0,1,3,residual_acf,19,-0.07299396467159032,0.05,True
Austria,arima_p0_d1_q3,0,1,3,residual_acf,20,0.05702302391219146,0.05,True
Austria,arima_p0_d1_q3,0,1,3,residual_acf,21,0.016454000859409408,0.05,False
Austria,arima_p0_d1_q3,0,1,3,residual_acf,22,0.06320598638601935,0.05,True
Austria,arima_p0_d1_q3,0,1,3,residual_acf,23,0.06777842465602778,0.05,True
Austria,arima_p0_d1_q3,0,1,3,residual_acf,24,0.7784231339634025,0.05,True
Austria,arima_p0_d1_q3,0,1,3,residual_acf,25,0.062303685595779985,0.05,True
Austria,arima_p0_d1_q3,0,1,3,residual_acf,26,0.07342007258642781,0.05,True
Austria,arima_p0_d1_q3,0,1,3,residual_acf,27,0.0161449588937427,0.05,False
Austria,arima_p0_d1_q3,0,1,3,residual_acf,28,0.047084233310598224,0.05,False
Austria,arima_p0_d1_q3,0,1,3,residual_acf,29,-0.07096729974092236,0.05,True
Austria,arima_p0_d1_q3,0,1,3,residual_acf,30,-0.1600218619862453,0.05,True
Austria,arima_p0_d1_q3,0,1,3,residual_acf,31,-0.1405673279891679,0.05,True
Austria,arima_p0_d1_q3,0,1,3,residual_acf,32,-0.0492721222553502,0.05,False
Austria,arima_p0_d1_q3,0,1,3,residual_acf,33,-0.03995916676944806,0.05,False
Austria,arima_p0_d1_q3,0,1,3,residual_acf,34,-0.1915201928053079,0.05,True
Austria,arima_p0_d1_q3,0,1,3,residual_acf,35,0.07703827184803853,0.05,True
Austria,arima_p0_d1_q3,0,1,3,residual_acf,36,0.006346475047210414,0.05,False
Austria,arima_p0_d1_q3,0,1,3,residual_acf,37,0.07408272248691485,0.05,True
Austria,arima_p0_d1_q3,0,1,3,residual_acf,38,-0.20260666619014026,0.05,True
Austria,arima_p0_d1_q3,0,1,3,residual_acf,39,-0.03772395498389499,0.05,False
Austria,arima_p0_d1_q3,0,1,3,residual_acf,40,-0.058967684174470014,0.05,True
Austria,arima_p0_d1_q3,0,1,3,residual_acf,41,-0.14502788340518144,0.05,True
Austria,arima_p0_d1_q3,0,1,3,residual_acf,42,-0.15667155733419516,0.05,True
Austria,arima_p0_d1_q3,0,1,3,residual_acf,43,-0.06788318461729476,0.05,True
Austria,arima_p0_d1_q3,0,1,3,residual_acf,44,0.056463189217948684,0.05,True
Austria,arima_p0_d1_q3,0,1,3,residual_acf,45,0.012625521641799621,0.05,False
Austria,arima_p0_d1_q3,0,1,3,residual_acf,46,0.08326214930681264,0.05,True
Austria,arima_p0_d1_q3,0,1,3,residual_acf,47,0.056765546585563195,0.05,True
Austria,arima_p0_d1_q3,0,1,3,residual_acf,48,0.7133130800985519,0.05,True
Austria,arima_p0_d1_q3,0,1,3,ljung_box_statistic,24,29116.003342548367,0.01,True
Austria,arima_p0_d1_q3,0,1,3,ljung_box_pvalue,24,0.0,0.01,True
Austria,arima_p0_d1_q3,0,1,3,ljung_box_statistic,48,54826.463639856585,0.01,True
Austria,arima_p0_d1_q3,0,1,3,ljung_box_pvalue,48,0.0,0.01,True
