country,target_date,model,mae,rmse,mape,actual_min,actual_max,actual_mean,forecast_min,forecast_max,forecast_mean,forecast_negative_count,forecast_max_over_actual_max,profile_correlation,forecast_std_over_actual_std,actual_peak_local,forecast_peak_local
Austria,2024-02-15,reg_arima_h,775.3525188790387,850.868427738955,10.936773062475059,5751.25,8883.0,7470.270833333333,6724.175530739147,9227.26463015517,8245.623352212373,0,1.0387554463756805,0.9409933171408257,0.8536717169097134,2024-02-15T08:00:00+01:00,2024-02-15T11:00:00+01:00
Austria,2024-02-15,reg_arima_h_d,727.9344733027143,807.8919185006558,10.289502676349285,5751.25,8883.0,7470.270833333333,6676.807117609838,9179.854096111429,8198.205306636048,0,1.0334182253868545,0.9409951611728475,0.8536810189423,2024-02-15T08:00:00+01:00,2024-02-15T11:00:00+01:00
Austria,2024-02-15,reg_arima_h_d_m,725.9130290265402,806.0705005719203,10.261908237517813,5751.25,8883.0,7470.270833333333,6674.789559458405,9177.83371181886,8196.183862359874,0,1.033190781472347,0.9409955679482849,0.8536817604270276,2024-02-15T08:00:00+01:00,2024-02-15T11:00:00+01:00
Austria,2024-02-15,reg_arima_h_d_m_hol,721.5128480515147,802.1077292007498,10.20182019059179,5751.25,8883.0,7470.270833333333,6670.380026567008,9173.436753442464,8191.783681384848,0,1.0326957957269463,0.9409966046940468,0.8536938788848814,2024-02-15T08:00:00+01:00,2024-02-15T11:00:00+01:00
Austria,2024-03-31,reg_arima_h,663.6958282701809,755.3788885449919,12.958059701222755,4463.0,5970.5,5175.097826086957,3992.099959612796,6484.004954202047,5574.195090466621,0,1.0860070269160116,0.6296631753325012,1.8997176511894285,2024-03-31T19:00:00+02:00,2024-03-31T11:00:00+02:00
Austria,2024-03-31,reg_arima_h_d,674.9095826773356,780.1905928893718,13.158290740597058,4463.0,5970.5,5175.097826086957,4037.559713863255,6529.241801559798,5619.4562242763095,0,1.0935837537157354,0.6296557799030944,1.8995460559838682,2024-03-31T19:00:00+02:00,2024-03-31T11:00:00+02:00
Austria,2024-03-31,reg_arima_h_d_m,675.7580083937853,781.7840320558869,13.174038216254194,4463.0,5970.5,5175.097826086957,4040.397755980428,6532.040536603637,5622.254937631702,0,1.0940525142958943,0.6296455645884629,1.8995176524926864,2024-03-31T19:00:00+02:00,2024-03-31T11:00:00+02:00
Austria,2024-03-31,reg_arima_h_d_m_hol,679.5558923348206,788.9996177019167,13.24457805745191,4463.0,5970.5,5175.097826086957,4052.995280087884,6544.546579782697,5634.774891830139,0,1.0961471534683356,0.6296421282318166,1.8994713513282764,2024-03-31T19:00:00+02:00,2024-03-31T11:00:00+02:00
Austria,2024-10-27,reg_arima_h,435.8635495322294,487.2179439562896,8.227001829539127,4483.25,6621.0,5441.94,4025.4782559294495,6463.566104300457,5468.230077401448,0,0.9762220365957494,0.8374903349621555,1.423607914700395,2024-10-27T17:00:00+01:00,2024-10-27T11:00:00+01:00
Austria,2024-10-27,reg_arima_h_d,426.54137258866103,491.86748739730416,8.033844310063415,4483.25,6621.0,5441.94,4071.863843415536,6509.980011563656,5514.676696131982,0,0.9832321419066087,0.8374954271737352,1.4235111307580073,2024-10-27T17:00:00+01:00,2024-10-27T11:00:00+01:00
Austria,2024-10-27,reg_arima_h_d_m,425.9010762421736,492.3452953271783,8.020584390187539,4483.25,6621.0,5441.94,4075.048450714628,6513.162057282694,5517.861208003202,0,0.9837127408673454,0.8374965853478882,1.4235066798263685,2024-10-27T17:00:00+01:00,2024-10-27T11:00:00+01:00
Austria,2024-10-27,reg_arima_h_d_m_hol,466.8224395491184,641.3717642363205,8.473301668271198,4483.25,6621.0,5441.94,4417.11151614584,6855.265349262903,5860.010334659473,0,1.035382170255687,0.8375132896602175,1.4233969546476364,2024-10-27T17:00:00+01:00,2024-10-27T11:00:00+01:00
Germany,2024-02-15,reg_arima_h,3220.9963835648814,3525.1285678881736,5.8387463030163085,45412.5,65648.0,58304.21875,50385.60062482989,69438.98793545662,61522.03844639316,0,1.0577471961896268,0.9847601041208597,0.8959548550620429,2024-02-15T18:00:00+01:00,2024-02-15T11:00:00+01:00
Germany,2024-02-15,reg_arima_h_d,3129.6363006259066,3434.2980455185334,5.677911604107969,45412.5,65648.0,58304.21875,50286.08556657948,69339.49052751582,61422.37215903476,0,1.0562315764001313,0.9847643782720225,0.8959786116069237,2024-02-15T18:00:00+01:00,2024-02-15T11:00:00+01:00
Germany,2024-02-15,reg_arima_h_d_m,3130.855985927398,3435.519750612788,5.680070043510221,45412.5,65648.0,58304.21875,50287.52193428575,69340.82523363557,61423.70681060266,0,1.0562519076534786,0.9847642678569212,0.8959726980949563,2024-02-15T18:00:00+01:00,2024-02-15T11:00:00+01:00
Germany,2024-02-15,reg_arima_h_d_m_hol,3134.2735813801014,3438.893444277613,5.686075474036464,45412.5,65648.0,58304.21875,50291.19509156522,69344.557218285,61427.43243719687,0,1.0563087560669784,0.9847644959840661,0.8959772162496074,2024-02-15T18:00:00+01:00,2024-02-15T11:00:00+01:00
Germany,2024-03-31,reg_arima_h,9827.456822848615,10856.980019444096,26.007298654803932,32660.5,44419.25,37596.434782608696,35878.319919335896,54834.815767877386,47423.89160545731,0,1.234483152414266,0.7140961603095654,1.9955645439398253,2024-03-31T11:00:00+02:00,2024-03-31T11:00:00+02:00
Germany,2024-03-31,reg_arima_h_d,9861.162793178935,10887.671866120309,26.097598926330324,32660.5,44419.25,37596.434782608696,35912.98898957562,54868.8016814444,47457.59757578763,0,1.235248269195099,0.7140527074546684,1.995643746006626,2024-03-31T11:00:00+02:00,2024-03-31T11:00:00+02:00
Germany,2024-03-31,reg_arima_h_d_m,9858.369501444786,10885.11175603539,26.090126024072486,32660.5,44419.25,37596.434782608696,35910.347903234935,54866.01673641549,47454.80428405349,0,1.2351855723906975,0.7140552696902429,1.9956220192633602,2024-03-31T11:00:00+02:00,2024-03-31T11:00:00+02:00
Germany,2024-03-31,reg_arima_h_d_m_hol,9849.841286202085,10877.497964318047,26.067289712427467,32660.5,44419.25,37596.434782608696,35901.84190285281,54857.61797440199,47446.27606881077,0,1.2349964930610489,0.7140337188260248,1.995681427566907,2024-03-31T11:00:00+02:00,2024-03-31T11:00:00+02:00
Germany,2024-10-27,reg_arima_h,2160.3948601359284,2474.3405775499155,5.110712348789061,35613.25,51382.25,43842.08,33446.70092876389,52296.852537646446,44024.375850801756,0,1.0177999705666148,0.9385276817730843,1.2230948041986294,2024-10-27T18:00:00+01:00,2024-10-27T11:00:00+01:00
Germany,2024-10-27,reg_arima_h_d,2157.482903852165,2481.1397400264977,5.0970536963923765,35613.25,51382.25,43842.08,33522.66668451878,52372.11200247067,44099.51787418847,0,1.0192646682944142,0.9385228697836555,1.2231116969972853,2024-10-27T18:00:00+01:00,2024-10-27T11:00:00+01:00
Germany,2024-10-27,reg_arima_h_d_m,2157.5053407033165,2481.1146377265154,5.097121211836696,35613.25,51382.25,43842.08,33522.49729143475,52371.82121256966,44099.22101598589,0,1.0192590089489981,0.9385207525780407,1.2231042256841018,2024-10-27T18:00:00+01:00,2024-10-27T11:00:00+01:00
Germany,2024-10-27,reg_arima_h_d_m_hol,2157.573563470611,2480.951809569456,5.097435938502928,35613.25,51382.25,43842.08,33520.85534926965,52370.180241025904,44097.57379497524,0,1.0192270724039119,0.9385213395268982,1.2231088537603012,2024-10-27T18:00:00+01:00,2024-10-27T11:00:00+01:00
