country,target_date,specification_id,specification_order,p,d,q,P,D,Q,seasonal_period,trend,forecast_origin_local,forecast_origin_utc,information_cutoff_utc,expected_observations,analysis_label
Germany,2024-01-15,sarima_p1_d0_q0_P0_D1_Q0_s24,1,1,0,0,0,1,0,24,n,2024-01-14T18:00:00+01:00,2024-01-14T17:00:00+00:00,2024-01-14T17:00:00+00:00,24,enhanced/post-hoc SARIMA robustness analysis
Germany,2024-01-15,sarima_p2_d0_q0_P0_D1_Q0_s24,2,2,0,0,0,1,0,24,n,2024-01-14T18:00:00+01:00,2024-01-14T17:00:00+00:00,2024-01-14T17:00:00+00:00,24,enhanced/post-hoc SARIMA robustness analysis
Germany,2024-01-15,sarima_p3_d0_q0_P0_D1_Q0_s24,3,3,0,0,0,1,0,24,n,2024-01-14T18:00:00+01:00,2024-01-14T17:00:00+00:00,2024-01-14T17:00:00+00:00,24,enhanced/post-hoc SARIMA robustness analysis
Germany,2024-01-15,sarima_p1_d0_q1_P0_D1_Q0_s24,4,1,0,1,0,1,0,24,n,2024-01-14T18:00:00+01:00,2024-01-14T17:00:00+00:00,2024-01-14T17:00:00+00:00,24,enhanced/post-hoc SARIMA robustness analysis
Germany,2024-01-15,sarima_p2_d0_q1_P0_D1_Q0_s24,5,2,0,1,0,1,0,24,n,2024-01-14T18:00:00+01:00,2024-01-14T17:00:00+00:00,2024-01-14T17:00:00+00:00,24,enhanced/post-hoc SARIMA robustness analysis
Germany,2024-01-15,sarima_p1_d0_q2_P0_D1_Q0_s24,6,1,0,2,0,1,0,24,n,2024-01-14T18:00:00+01:00,2024-01-14T17:00:00+00:00,2024-01-14T17:00:00+00:00,24,enhanced/post-hoc SARIMA robustness analysis
Germany,2024-01-15,sarima_p2_d0_q2_P0_D1_Q0_s24,7,2,0,2,0,1,0,24,n,2024-01-14T18:00:00+01:00,2024-01-14T17:00:00+00:00,2024-01-14T17:00:00+00:00,24,enhanced/post-hoc SARIMA robustness analysis
Germany,2024-01-15,sarima_p1_d0_q0_P1_D1_Q0_s24,8,1,0,0,1,1,0,24,n,2024-01-14T18:00:00+01:00,2024-01-14T17:00:00+00:00,2024-01-14T17:00:00+00:00,24,enhanced/post-hoc SARIMA robustness analysis
Germany,2024-01-15,sarima_p1_d0_q1_P1_D1_Q0_s24,9,1,0,1,1,1,0,24,n,2024-01-14T18:00:00+01:00,2024-01-14T17:00:00+00:00,2024-01-14T17:00:00+00:00,24,enhanced/post-hoc SARIMA robustness analysis
Germany,2024-01-15,sarima_p2_d0_q0_P1_D1_Q0_s24,10,2,0,0,1,1,0,24,n,2024-01-14T18:00:00+01:00,2024-01-14T17:00:00+00:00,2024-01-14T17:00:00+00:00,24,enhanced/post-hoc SARIMA robustness analysis
Germany,2024-01-15,sarima_p2_d0_q1_P1_D1_Q0_s24,11,2,0,1,1,1,0,24,n,2024-01-14T18:00:00+01:00,2024-01-14T17:00:00+00:00,2024-01-14T17:00:00+00:00,24,enhanced/post-hoc SARIMA robustness analysis
Germany,2024-01-15,sarima_p1_d0_q1_P0_D1_Q1_s24,12,1,0,1,0,1,1,24,n,2024-01-14T18:00:00+01:00,2024-01-14T17:00:00+00:00,2024-01-14T17:00:00+00:00,24,enhanced/post-hoc SARIMA robustness analysis
Germany,2024-02-17,sarima_p1_d0_q0_P0_D1_Q0_s24,1,1,0,0,0,1,0,24,n,2024-02-16T18:00:00+01:00,2024-02-16T17:00:00+00:00,2024-02-16T17:00:00+00:00,24,enhanced/post-hoc SARIMA robustness analysis
Germany,2024-02-17,sarima_p2_d0_q0_P0_D1_Q0_s24,2,2,0,0,0,1,0,24,n,2024-02-16T18:00:00+01:00,2024-02-16T17:00:00+00:00,2024-02-16T17:00:00+00:00,24,enhanced/post-hoc SARIMA robustness analysis
Germany,2024-02-17,sarima_p3_d0_q0_P0_D1_Q0_s24,3,3,0,0,0,1,0,24,n,2024-02-16T18:00:00+01:00,2024-02-16T17:00:00+00:00,2024-02-16T17:00:00+00:00,24,enhanced/post-hoc SARIMA robustness analysis
Germany,2024-02-17,sarima_p1_d0_q1_P0_D1_Q0_s24,4,1,0,1,0,1,0,24,n,2024-02-16T18:00:00+01:00,2024-02-16T17:00:00+00:00,2024-02-16T17:00:00+00:00,24,enhanced/post-hoc SARIMA robustness analysis
Germany,2024-02-17,sarima_p2_d0_q1_P0_D1_Q0_s24,5,2,0,1,0,1,0,24,n,2024-02-16T18:00:00+01:00,2024-02-16T17:00:00+00:00,2024-02-16T17:00:00+00:00,24,enhanced/post-hoc SARIMA robustness analysis
Germany,2024-02-17,sarima_p1_d0_q2_P0_D1_Q0_s24,6,1,0,2,0,1,0,24,n,2024-02-16T18:00:00+01:00,2024-02-16T17:00:00+00:00,2024-02-16T17:00:00+00:00,24,enhanced/post-hoc SARIMA robustness analysis
Germany,2024-02-17,sarima_p2_d0_q2_P0_D1_Q0_s24,7,2,0,2,0,1,0,24,n,2024-02-16T18:00:00+01:00,2024-02-16T17:00:00+00:00,2024-02-16T17:00:00+00:00,24,enhanced/post-hoc SARIMA robustness analysis
Germany,2024-02-17,sarima_p1_d0_q0_P1_D1_Q0_s24,8,1,0,0,1,1,0,24,n,2024-02-16T18:00:00+01:00,2024-02-16T17:00:00+00:00,2024-02-16T17:00:00+00:00,24,enhanced/post-hoc SARIMA robustness analysis
Germany,2024-02-17,sarima_p1_d0_q1_P1_D1_Q0_s24,9,1,0,1,1,1,0,24,n,2024-02-16T18:00:00+01:00,2024-02-16T17:00:00+00:00,2024-02-16T17:00:00+00:00,24,enhanced/post-hoc SARIMA robustness analysis
Germany,2024-02-17,sarima_p2_d0_q0_P1_D1_Q0_s24,10,2,0,0,1,1,0,24,n,2024-02-16T18:00:00+01:00,2024-02-16T17:00:00+00:00,2024-02-16T17:00:00+00:00,24,enhanced/post-hoc SARIMA robustness analysis
Germany,2024-02-17,sarima_p2_d0_q1_P1_D1_Q0_s24,11,2,0,1,1,1,0,24,n,2024-02-16T18:00:00+01:00,2024-02-16T17:00:00+00:00,2024-02-16T17:00:00+00:00,24,enhanced/post-hoc SARIMA robustness analysis
Germany,2024-02-17,sarima_p1_d0_q1_P0_D1_Q1_s24,12,1,0,1,0,1,1,24,n,2024-02-16T18:00:00+01:00,2024-02-16T17:00:00+00:00,2024-02-16T17:00:00+00:00,24,enhanced/post-hoc SARIMA robustness analysis
Germany,2024-03-10,sarima_p1_d0_q0_P0_D1_Q0_s24,1,1,0,0,0,1,0,24,n,2024-03-09T18:00:00+01:00,2024-03-09T17:00:00+00:00,2024-03-09T17:00:00+00:00,24,enhanced/post-hoc SARIMA robustness analysis
Germany,2024-03-10,sarima_p2_d0_q0_P0_D1_Q0_s24,2,2,0,0,0,1,0,24,n,2024-03-09T18:00:00+01:00,2024-03-09T17:00:00+00:00,2024-03-09T17:00:00+00:00,24,enhanced/post-hoc SARIMA robustness analysis
Germany,2024-03-10,sarima_p3_d0_q0_P0_D1_Q0_s24,3,3,0,0,0,1,0,24,n,2024-03-09T18:00:00+01:00,2024-03-09T17:00:00+00:00,2024-03-09T17:00:00+00:00,24,enhanced/post-hoc SARIMA robustness analysis
Germany,2024-03-10,sarima_p1_d0_q1_P0_D1_Q0_s24,4,1,0,1,0,1,0,24,n,2024-03-09T18:00:00+01:00,2024-03-09T17:00:00+00:00,2024-03-09T17:00:00+00:00,24,enhanced/post-hoc SARIMA robustness analysis
Germany,2024-03-10,sarima_p2_d0_q1_P0_D1_Q0_s24,5,2,0,1,0,1,0,24,n,2024-03-09T18:00:00+01:00,2024-03-09T17:00:00+00:00,2024-03-09T17:00:00+00:00,24,enhanced/post-hoc SARIMA robustness analysis
Germany,2024-03-10,sarima_p1_d0_q2_P0_D1_Q0_s24,6,1,0,2,0,1,0,24,n,2024-03-09T18:00:00+01:00,2024-03-09T17:00:00+00:00,2024-03-09T17:00:00+00:00,24,enhanced/post-hoc SARIMA robustness analysis
Germany,2024-03-10,sarima_p2_d0_q2_P0_D1_Q0_s24,7,2,0,2,0,1,0,24,n,2024-03-09T18:00:00+01:00,2024-03-09T17:00:00+00:00,2024-03-09T17:00:00+00:00,24,enhanced/post-hoc SARIMA robustness analysis
Germany,2024-03-10,sarima_p1_d0_q0_P1_D1_Q0_s24,8,1,0,0,1,1,0,24,n,2024-03-09T18:00:00+01:00,2024-03-09T17:00:00+00:00,2024-03-09T17:00:00+00:00,24,enhanced/post-hoc SARIMA robustness analysis
Germany,2024-03-10,sarima_p1_d0_q1_P1_D1_Q0_s24,9,1,0,1,1,1,0,24,n,2024-03-09T18:00:00+01:00,2024-03-09T17:00:00+00:00,2024-03-09T17:00:00+00:00,24,enhanced/post-hoc SARIMA robustness analysis
Germany,2024-03-10,sarima_p2_d0_q0_P1_D1_Q0_s24,10,2,0,0,1,1,0,24,n,2024-03-09T18:00:00+01:00,2024-03-09T17:00:00+00:00,2024-03-09T17:00:00+00:00,24,enhanced/post-hoc SARIMA robustness analysis
Germany,2024-03-10,sarima_p2_d0_q1_P1_D1_Q0_s24,11,2,0,1,1,1,0,24,n,2024-03-09T18:00:00+01:00,2024-03-09T17:00:00+00:00,2024-03-09T17:00:00+00:00,24,enhanced/post-hoc SARIMA robustness analysis
Germany,2024-03-10,sarima_p1_d0_q1_P0_D1_Q1_s24,12,1,0,1,0,1,1,24,n,2024-03-09T18:00:00+01:00,2024-03-09T17:00:00+00:00,2024-03-09T17:00:00+00:00,24,enhanced/post-hoc SARIMA robustness analysis
Germany,2024-03-31,sarima_p1_d0_q0_P0_D1_Q0_s24,1,1,0,0,0,1,0,24,n,2024-03-30T18:00:00+01:00,2024-03-30T17:00:00+00:00,2024-03-30T17:00:00+00:00,23,enhanced/post-hoc SARIMA robustness analysis
Germany,2024-03-31,sarima_p2_d0_q0_P0_D1_Q0_s24,2,2,0,0,0,1,0,24,n,2024-03-30T18:00:00+01:00,2024-03-30T17:00:00+00:00,2024-03-30T17:00:00+00:00,23,enhanced/post-hoc SARIMA robustness analysis
Germany,2024-03-31,sarima_p3_d0_q0_P0_D1_Q0_s24,3,3,0,0,0,1,0,24,n,2024-03-30T18:00:00+01:00,2024-03-30T17:00:00+00:00,2024-03-30T17:00:00+00:00,23,enhanced/post-hoc SARIMA robustness analysis
Germany,2024-03-31,sarima_p1_d0_q1_P0_D1_Q0_s24,4,1,0,1,0,1,0,24,n,2024-03-30T18:00:00+01:00,2024-03-30T17:00:00+00:00,2024-03-30T17:00:00+00:00,23,enhanced/post-hoc SARIMA robustness analysis
Germany,2024-03-31,sarima_p2_d0_q1_P0_D1_Q0_s24,5,2,0,1,0,1,0,24,n,2024-03-30T18:00:00+01:00,2024-03-30T17:00:00+00:00,2024-03-30T17:00:00+00:00,23,enhanced/post-hoc SARIMA robustness analysis
Germany,2024-03-31,sarima_p1_d0_q2_P0_D1_Q0_s24,6,1,0,2,0,1,0,24,n,2024-03-30T18:00:00+01:00,2024-03-30T17:00:00+00:00,2024-03-30T17:00:00+00:00,23,enhanced/post-hoc SARIMA robustness analysis
Germany,2024-03-31,sarima_p2_d0_q2_P0_D1_Q0_s24,7,2,0,2,0,1,0,24,n,2024-03-30T18:00:00+01:00,2024-03-30T17:00:00+00:00,2024-03-30T17:00:00+00:00,23,enhanced/post-hoc SARIMA robustness analysis
Germany,2024-03-31,sarima_p1_d0_q0_P1_D1_Q0_s24,8,1,0,0,1,1,0,24,n,2024-03-30T18:00:00+01:00,2024-03-30T17:00:00+00:00,2024-03-30T17:00:00+00:00,23,enhanced/post-hoc SARIMA robustness analysis
Germany,2024-03-31,sarima_p1_d0_q1_P1_D1_Q0_s24,9,1,0,1,1,1,0,24,n,2024-03-30T18:00:00+01:00,2024-03-30T17:00:00+00:00,2024-03-30T17:00:00+00:00,23,enhanced/post-hoc SARIMA robustness analysis
Germany,2024-03-31,sarima_p2_d0_q0_P1_D1_Q0_s24,10,2,0,0,1,1,0,24,n,2024-03-30T18:00:00+01:00,2024-03-30T17:00:00+00:00,2024-03-30T17:00:00+00:00,23,enhanced/post-hoc SARIMA robustness analysis
Germany,2024-03-31,sarima_p2_d0_q1_P1_D1_Q0_s24,11,2,0,1,1,1,0,24,n,2024-03-30T18:00:00+01:00,2024-03-30T17:00:00+00:00,2024-03-30T17:00:00+00:00,23,enhanced/post-hoc SARIMA robustness analysis
Germany,2024-03-31,sarima_p1_d0_q1_P0_D1_Q1_s24,12,1,0,1,0,1,1,24,n,2024-03-30T18:00:00+01:00,2024-03-30T17:00:00+00:00,2024-03-30T17:00:00+00:00,23,enhanced/post-hoc SARIMA robustness analysis
Germany,2024-04-15,sarima_p1_d0_q0_P0_D1_Q0_s24,1,1,0,0,0,1,0,24,n,2024-04-14T18:00:00+02:00,2024-04-14T16:00:00+00:00,2024-04-14T16:00:00+00:00,24,enhanced/post-hoc SARIMA robustness analysis
Germany,2024-04-15,sarima_p2_d0_q0_P0_D1_Q0_s24,2,2,0,0,0,1,0,24,n,2024-04-14T18:00:00+02:00,2024-04-14T16:00:00+00:00,2024-04-14T16:00:00+00:00,24,enhanced/post-hoc SARIMA robustness analysis
Germany,2024-04-15,sarima_p3_d0_q0_P0_D1_Q0_s24,3,3,0,0,0,1,0,24,n,2024-04-14T18:00:00+02:00,2024-04-14T16:00:00+00:00,2024-04-14T16:00:00+00:00,24,enhanced/post-hoc SARIMA robustness analysis
Germany,2024-04-15,sarima_p1_d0_q1_P0_D1_Q0_s24,4,1,0,1,0,1,0,24,n,2024-04-14T18:00:00+02:00,2024-04-14T16:00:00+00:00,2024-04-14T16:00:00+00:00,24,enhanced/post-hoc SARIMA robustness analysis
Germany,2024-04-15,sarima_p2_d0_q1_P0_D1_Q0_s24,5,2,0,1,0,1,0,24,n,2024-04-14T18:00:00+02:00,2024-04-14T16:00:00+00:00,2024-04-14T16:00:00+00:00,24,enhanced/post-hoc SARIMA robustness analysis
Germany,2024-04-15,sarima_p1_d0_q2_P0_D1_Q0_s24,6,1,0,2,0,1,0,24,n,2024-04-14T18:00:00+02:00,2024-04-14T16:00:00+00:00,2024-04-14T16:00:00+00:00,24,enhanced/post-hoc SARIMA robustness analysis
Germany,2024-04-15,sarima_p2_d0_q2_P0_D1_Q0_s24,7,2,0,2,0,1,0,24,n,2024-04-14T18:00:00+02:00,2024-04-14T16:00:00+00:00,2024-04-14T16:00:00+00:00,24,enhanced/post-hoc SARIMA robustness analysis
Germany,2024-04-15,sarima_p1_d0_q0_P1_D1_Q0_s24,8,1,0,0,1,1,0,24,n,2024-04-14T18:00:00+02:00,2024-04-14T16:00:00+00:00,2024-04-14T16:00:00+00:00,24,enhanced/post-hoc SARIMA robustness analysis
Germany,2024-04-15,sarima_p1_d0_q1_P1_D1_Q0_s24,9,1,0,1,1,1,0,24,n,2024-04-14T18:00:00+02:00,2024-04-14T16:00:00+00:00,2024-04-14T16:00:00+00:00,24,enhanced/post-hoc SARIMA robustness analysis
Germany,2024-04-15,sarima_p2_d0_q0_P1_D1_Q0_s24,10,2,0,0,1,1,0,24,n,2024-04-14T18:00:00+02:00,2024-04-14T16:00:00+00:00,2024-04-14T16:00:00+00:00,24,enhanced/post-hoc SARIMA robustness analysis
Germany,2024-04-15,sarima_p2_d0_q1_P1_D1_Q0_s24,11,2,0,1,1,1,0,24,n,2024-04-14T18:00:00+02:00,2024-04-14T16:00:00+00:00,2024-04-14T16:00:00+00:00,24,enhanced/post-hoc SARIMA robustness analysis
Germany,2024-04-15,sarima_p1_d0_q1_P0_D1_Q1_s24,12,1,0,1,0,1,1,24,n,2024-04-14T18:00:00+02:00,2024-04-14T16:00:00+00:00,2024-04-14T16:00:00+00:00,24,enhanced/post-hoc SARIMA robustness analysis
Germany,2024-05-18,sarima_p1_d0_q0_P0_D1_Q0_s24,1,1,0,0,0,1,0,24,n,2024-05-17T18:00:00+02:00,2024-05-17T16:00:00+00:00,2024-05-17T16:00:00+00:00,24,enhanced/post-hoc SARIMA robustness analysis
Germany,2024-05-18,sarima_p2_d0_q0_P0_D1_Q0_s24,2,2,0,0,0,1,0,24,n,2024-05-17T18:00:00+02:00,2024-05-17T16:00:00+00:00,2024-05-17T16:00:00+00:00,24,enhanced/post-hoc SARIMA robustness analysis
Germany,2024-05-18,sarima_p3_d0_q0_P0_D1_Q0_s24,3,3,0,0,0,1,0,24,n,2024-05-17T18:00:00+02:00,2024-05-17T16:00:00+00:00,2024-05-17T16:00:00+00:00,24,enhanced/post-hoc SARIMA robustness analysis
Germany,2024-05-18,sarima_p1_d0_q1_P0_D1_Q0_s24,4,1,0,1,0,1,0,24,n,2024-05-17T18:00:00+02:00,2024-05-17T16:00:00+00:00,2024-05-17T16:00:00+00:00,24,enhanced/post-hoc SARIMA robustness analysis
Germany,2024-05-18,sarima_p2_d0_q1_P0_D1_Q0_s24,5,2,0,1,0,1,0,24,n,2024-05-17T18:00:00+02:00,2024-05-17T16:00:00+00:00,2024-05-17T16:00:00+00:00,24,enhanced/post-hoc SARIMA robustness analysis
Germany,2024-05-18,sarima_p1_d0_q2_P0_D1_Q0_s24,6,1,0,2,0,1,0,24,n,2024-05-17T18:00:00+02:00,2024-05-17T16:00:00+00:00,2024-05-17T16:00:00+00:00,24,enhanced/post-hoc SARIMA robustness analysis
Germany,2024-05-18,sarima_p2_d0_q2_P0_D1_Q0_s24,7,2,0,2,0,1,0,24,n,2024-05-17T18:00:00+02:00,2024-05-17T16:00:00+00:00,2024-05-17T16:00:00+00:00,24,enhanced/post-hoc SARIMA robustness analysis
Germany,2024-05-18,sarima_p1_d0_q0_P1_D1_Q0_s24,8,1,0,0,1,1,0,24,n,2024-05-17T18:00:00+02:00,2024-05-17T16:00:00+00:00,2024-05-17T16:00:00+00:00,24,enhanced/post-hoc SARIMA robustness analysis
Germany,2024-05-18,sarima_p1_d0_q1_P1_D1_Q0_s24,9,1,0,1,1,1,0,24,n,2024-05-17T18:00:00+02:00,2024-05-17T16:00:00+00:00,2024-05-17T16:00:00+00:00,24,enhanced/post-hoc SARIMA robustness analysis
Germany,2024-05-18,sarima_p2_d0_q0_P1_D1_Q0_s24,10,2,0,0,1,1,0,24,n,2024-05-17T18:00:00+02:00,2024-05-17T16:00:00+00:00,2024-05-17T16:00:00+00:00,24,enhanced/post-hoc SARIMA robustness analysis
Germany,2024-05-18,sarima_p2_d0_q1_P1_D1_Q0_s24,11,2,0,1,1,1,0,24,n,2024-05-17T18:00:00+02:00,2024-05-17T16:00:00+00:00,2024-05-17T16:00:00+00:00,24,enhanced/post-hoc SARIMA robustness analysis
Germany,2024-05-18,sarima_p1_d0_q1_P0_D1_Q1_s24,12,1,0,1,0,1,1,24,n,2024-05-17T18:00:00+02:00,2024-05-17T16:00:00+00:00,2024-05-17T16:00:00+00:00,24,enhanced/post-hoc SARIMA robustness analysis
Germany,2024-06-15,sarima_p1_d0_q0_P0_D1_Q0_s24,1,1,0,0,0,1,0,24,n,2024-06-14T18:00:00+02:00,2024-06-14T16:00:00+00:00,2024-06-14T16:00:00+00:00,24,enhanced/post-hoc SARIMA robustness analysis
Germany,2024-06-15,sarima_p2_d0_q0_P0_D1_Q0_s24,2,2,0,0,0,1,0,24,n,2024-06-14T18:00:00+02:00,2024-06-14T16:00:00+00:00,2024-06-14T16:00:00+00:00,24,enhanced/post-hoc SARIMA robustness analysis
Germany,2024-06-15,sarima_p3_d0_q0_P0_D1_Q0_s24,3,3,0,0,0,1,0,24,n,2024-06-14T18:00:00+02:00,2024-06-14T16:00:00+00:00,2024-06-14T16:00:00+00:00,24,enhanced/post-hoc SARIMA robustness analysis
Germany,2024-06-15,sarima_p1_d0_q1_P0_D1_Q0_s24,4,1,0,1,0,1,0,24,n,2024-06-14T18:00:00+02:00,2024-06-14T16:00:00+00:00,2024-06-14T16:00:00+00:00,24,enhanced/post-hoc SARIMA robustness analysis
Germany,2024-06-15,sarima_p2_d0_q1_P0_D1_Q0_s24,5,2,0,1,0,1,0,24,n,2024-06-14T18:00:00+02:00,2024-06-14T16:00:00+00:00,2024-06-14T16:00:00+00:00,24,enhanced/post-hoc SARIMA robustness analysis
Germany,2024-06-15,sarima_p1_d0_q2_P0_D1_Q0_s24,6,1,0,2,0,1,0,24,n,2024-06-14T18:00:00+02:00,2024-06-14T16:00:00+00:00,2024-06-14T16:00:00+00:00,24,enhanced/post-hoc SARIMA robustness analysis
Germany,2024-06-15,sarima_p2_d0_q2_P0_D1_Q0_s24,7,2,0,2,0,1,0,24,n,2024-06-14T18:00:00+02:00,2024-06-14T16:00:00+00:00,2024-06-14T16:00:00+00:00,24,enhanced/post-hoc SARIMA robustness analysis
Germany,2024-06-15,sarima_p1_d0_q0_P1_D1_Q0_s24,8,1,0,0,1,1,0,24,n,2024-06-14T18:00:00+02:00,2024-06-14T16:00:00+00:00,2024-06-14T16:00:00+00:00,24,enhanced/post-hoc SARIMA robustness analysis
Germany,2024-06-15,sarima_p1_d0_q1_P1_D1_Q0_s24,9,1,0,1,1,1,0,24,n,2024-06-14T18:00:00+02:00,2024-06-14T16:00:00+00:00,2024-06-14T16:00:00+00:00,24,enhanced/post-hoc SARIMA robustness analysis
Germany,2024-06-15,sarima_p2_d0_q0_P1_D1_Q0_s24,10,2,0,0,1,1,0,24,n,2024-06-14T18:00:00+02:00,2024-06-14T16:00:00+00:00,2024-06-14T16:00:00+00:00,24,enhanced/post-hoc SARIMA robustness analysis
Germany,2024-06-15,sarima_p2_d0_q1_P1_D1_Q0_s24,11,2,0,1,1,1,0,24,n,2024-06-14T18:00:00+02:00,2024-06-14T16:00:00+00:00,2024-06-14T16:00:00+00:00,24,enhanced/post-hoc SARIMA robustness analysis
Germany,2024-06-15,sarima_p1_d0_q1_P0_D1_Q1_s24,12,1,0,1,0,1,1,24,n,2024-06-14T18:00:00+02:00,2024-06-14T16:00:00+00:00,2024-06-14T16:00:00+00:00,24,enhanced/post-hoc SARIMA robustness analysis
Germany,2024-07-14,sarima_p1_d0_q0_P0_D1_Q0_s24,1,1,0,0,0,1,0,24,n,2024-07-13T18:00:00+02:00,2024-07-13T16:00:00+00:00,2024-07-13T16:00:00+00:00,24,enhanced/post-hoc SARIMA robustness analysis
Germany,2024-07-14,sarima_p2_d0_q0_P0_D1_Q0_s24,2,2,0,0,0,1,0,24,n,2024-07-13T18:00:00+02:00,2024-07-13T16:00:00+00:00,2024-07-13T16:00:00+00:00,24,enhanced/post-hoc SARIMA robustness analysis
Germany,2024-07-14,sarima_p3_d0_q0_P0_D1_Q0_s24,3,3,0,0,0,1,0,24,n,2024-07-13T18:00:00+02:00,2024-07-13T16:00:00+00:00,2024-07-13T16:00:00+00:00,24,enhanced/post-hoc SARIMA robustness analysis
Germany,2024-07-14,sarima_p1_d0_q1_P0_D1_Q0_s24,4,1,0,1,0,1,0,24,n,2024-07-13T18:00:00+02:00,2024-07-13T16:00:00+00:00,2024-07-13T16:00:00+00:00,24,enhanced/post-hoc SARIMA robustness analysis
Germany,2024-07-14,sarima_p2_d0_q1_P0_D1_Q0_s24,5,2,0,1,0,1,0,24,n,2024-07-13T18:00:00+02:00,2024-07-13T16:00:00+00:00,2024-07-13T16:00:00+00:00,24,enhanced/post-hoc SARIMA robustness analysis
Germany,2024-07-14,sarima_p1_d0_q2_P0_D1_Q0_s24,6,1,0,2,0,1,0,24,n,2024-07-13T18:00:00+02:00,2024-07-13T16:00:00+00:00,2024-07-13T16:00:00+00:00,24,enhanced/post-hoc SARIMA robustness analysis
Germany,2024-07-14,sarima_p2_d0_q2_P0_D1_Q0_s24,7,2,0,2,0,1,0,24,n,2024-07-13T18:00:00+02:00,2024-07-13T16:00:00+00:00,2024-07-13T16:00:00+00:00,24,enhanced/post-hoc SARIMA robustness analysis
Germany,2024-07-14,sarima_p1_d0_q0_P1_D1_Q0_s24,8,1,0,0,1,1,0,24,n,2024-07-13T18:00:00+02:00,2024-07-13T16:00:00+00:00,2024-07-13T16:00:00+00:00,24,enhanced/post-hoc SARIMA robustness analysis
Germany,2024-07-14,sarima_p1_d0_q1_P1_D1_Q0_s24,9,1,0,1,1,1,0,24,n,2024-07-13T18:00:00+02:00,2024-07-13T16:00:00+00:00,2024-07-13T16:00:00+00:00,24,enhanced/post-hoc SARIMA robustness analysis
Germany,2024-07-14,sarima_p2_d0_q0_P1_D1_Q0_s24,10,2,0,0,1,1,0,24,n,2024-07-13T18:00:00+02:00,2024-07-13T16:00:00+00:00,2024-07-13T16:00:00+00:00,24,enhanced/post-hoc SARIMA robustness analysis
Germany,2024-07-14,sarima_p2_d0_q1_P1_D1_Q0_s24,11,2,0,1,1,1,0,24,n,2024-07-13T18:00:00+02:00,2024-07-13T16:00:00+00:00,2024-07-13T16:00:00+00:00,24,enhanced/post-hoc SARIMA robustness analysis
Germany,2024-07-14,sarima_p1_d0_q1_P0_D1_Q1_s24,12,1,0,1,0,1,1,24,n,2024-07-13T18:00:00+02:00,2024-07-13T16:00:00+00:00,2024-07-13T16:00:00+00:00,24,enhanced/post-hoc SARIMA robustness analysis
Germany,2024-08-12,sarima_p1_d0_q0_P0_D1_Q0_s24,1,1,0,0,0,1,0,24,n,2024-08-11T18:00:00+02:00,2024-08-11T16:00:00+00:00,2024-08-11T16:00:00+00:00,24,enhanced/post-hoc SARIMA robustness analysis
Germany,2024-08-12,sarima_p2_d0_q0_P0_D1_Q0_s24,2,2,0,0,0,1,0,24,n,2024-08-11T18:00:00+02:00,2024-08-11T16:00:00+00:00,2024-08-11T16:00:00+00:00,24,enhanced/post-hoc SARIMA robustness analysis
Germany,2024-08-12,sarima_p3_d0_q0_P0_D1_Q0_s24,3,3,0,0,0,1,0,24,n,2024-08-11T18:00:00+02:00,2024-08-11T16:00:00+00:00,2024-08-11T16:00:00+00:00,24,enhanced/post-hoc SARIMA robustness analysis
Germany,2024-08-12,sarima_p1_d0_q1_P0_D1_Q0_s24,4,1,0,1,0,1,0,24,n,2024-08-11T18:00:00+02:00,2024-08-11T16:00:00+00:00,2024-08-11T16:00:00+00:00,24,enhanced/post-hoc SARIMA robustness analysis
Germany,2024-08-12,sarima_p2_d0_q1_P0_D1_Q0_s24,5,2,0,1,0,1,0,24,n,2024-08-11T18:00:00+02:00,2024-08-11T16:00:00+00:00,2024-08-11T16:00:00+00:00,24,enhanced/post-hoc SARIMA robustness analysis
Germany,2024-08-12,sarima_p1_d0_q2_P0_D1_Q0_s24,6,1,0,2,0,1,0,24,n,2024-08-11T18:00:00+02:00,2024-08-11T16:00:00+00:00,2024-08-11T16:00:00+00:00,24,enhanced/post-hoc SARIMA robustness analysis
Germany,2024-08-12,sarima_p2_d0_q2_P0_D1_Q0_s24,7,2,0,2,0,1,0,24,n,2024-08-11T18:00:00+02:00,2024-08-11T16:00:00+00:00,2024-08-11T16:00:00+00:00,24,enhanced/post-hoc SARIMA robustness analysis
Germany,2024-08-12,sarima_p1_d0_q0_P1_D1_Q0_s24,8,1,0,0,1,1,0,24,n,2024-08-11T18:00:00+02:00,2024-08-11T16:00:00+00:00,2024-08-11T16:00:00+00:00,24,enhanced/post-hoc SARIMA robustness analysis
Germany,2024-08-12,sarima_p1_d0_q1_P1_D1_Q0_s24,9,1,0,1,1,1,0,24,n,2024-08-11T18:00:00+02:00,2024-08-11T16:00:00+00:00,2024-08-11T16:00:00+00:00,24,enhanced/post-hoc SARIMA robustness analysis
Germany,2024-08-12,sarima_p2_d0_q0_P1_D1_Q0_s24,10,2,0,0,1,1,0,24,n,2024-08-11T18:00:00+02:00,2024-08-11T16:00:00+00:00,2024-08-11T16:00:00+00:00,24,enhanced/post-hoc SARIMA robustness analysis
Germany,2024-08-12,sarima_p2_d0_q1_P1_D1_Q0_s24,11,2,0,1,1,1,0,24,n,2024-08-11T18:00:00+02:00,2024-08-11T16:00:00+00:00,2024-08-11T16:00:00+00:00,24,enhanced/post-hoc SARIMA robustness analysis
Germany,2024-08-12,sarima_p1_d0_q1_P0_D1_Q1_s24,12,1,0,1,0,1,1,24,n,2024-08-11T18:00:00+02:00,2024-08-11T16:00:00+00:00,2024-08-11T16:00:00+00:00,24,enhanced/post-hoc SARIMA robustness analysis
Germany,2024-09-21,sarima_p1_d0_q0_P0_D1_Q0_s24,1,1,0,0,0,1,0,24,n,2024-09-20T18:00:00+02:00,2024-09-20T16:00:00+00:00,2024-09-20T16:00:00+00:00,24,enhanced/post-hoc SARIMA robustness analysis
Germany,2024-09-21,sarima_p2_d0_q0_P0_D1_Q0_s24,2,2,0,0,0,1,0,24,n,2024-09-20T18:00:00+02:00,2024-09-20T16:00:00+00:00,2024-09-20T16:00:00+00:00,24,enhanced/post-hoc SARIMA robustness analysis
Germany,2024-09-21,sarima_p3_d0_q0_P0_D1_Q0_s24,3,3,0,0,0,1,0,24,n,2024-09-20T18:00:00+02:00,2024-09-20T16:00:00+00:00,2024-09-20T16:00:00+00:00,24,enhanced/post-hoc SARIMA robustness analysis
Germany,2024-09-21,sarima_p1_d0_q1_P0_D1_Q0_s24,4,1,0,1,0,1,0,24,n,2024-09-20T18:00:00+02:00,2024-09-20T16:00:00+00:00,2024-09-20T16:00:00+00:00,24,enhanced/post-hoc SARIMA robustness analysis
Germany,2024-09-21,sarima_p2_d0_q1_P0_D1_Q0_s24,5,2,0,1,0,1,0,24,n,2024-09-20T18:00:00+02:00,2024-09-20T16:00:00+00:00,2024-09-20T16:00:00+00:00,24,enhanced/post-hoc SARIMA robustness analysis
Germany,2024-09-21,sarima_p1_d0_q2_P0_D1_Q0_s24,6,1,0,2,0,1,0,24,n,2024-09-20T18:00:00+02:00,2024-09-20T16:00:00+00:00,2024-09-20T16:00:00+00:00,24,enhanced/post-hoc SARIMA robustness analysis
Germany,2024-09-21,sarima_p2_d0_q2_P0_D1_Q0_s24,7,2,0,2,0,1,0,24,n,2024-09-20T18:00:00+02:00,2024-09-20T16:00:00+00:00,2024-09-20T16:00:00+00:00,24,enhanced/post-hoc SARIMA robustness analysis
Germany,2024-09-21,sarima_p1_d0_q0_P1_D1_Q0_s24,8,1,0,0,1,1,0,24,n,2024-09-20T18:00:00+02:00,2024-09-20T16:00:00+00:00,2024-09-20T16:00:00+00:00,24,enhanced/post-hoc SARIMA robustness analysis
Germany,2024-09-21,sarima_p1_d0_q1_P1_D1_Q0_s24,9,1,0,1,1,1,0,24,n,2024-09-20T18:00:00+02:00,2024-09-20T16:00:00+00:00,2024-09-20T16:00:00+00:00,24,enhanced/post-hoc SARIMA robustness analysis
Germany,2024-09-21,sarima_p2_d0_q0_P1_D1_Q0_s24,10,2,0,0,1,1,0,24,n,2024-09-20T18:00:00+02:00,2024-09-20T16:00:00+00:00,2024-09-20T16:00:00+00:00,24,enhanced/post-hoc SARIMA robustness analysis
Germany,2024-09-21,sarima_p2_d0_q1_P1_D1_Q0_s24,11,2,0,1,1,1,0,24,n,2024-09-20T18:00:00+02:00,2024-09-20T16:00:00+00:00,2024-09-20T16:00:00+00:00,24,enhanced/post-hoc SARIMA robustness analysis
Germany,2024-09-21,sarima_p1_d0_q1_P0_D1_Q1_s24,12,1,0,1,0,1,1,24,n,2024-09-20T18:00:00+02:00,2024-09-20T16:00:00+00:00,2024-09-20T16:00:00+00:00,24,enhanced/post-hoc SARIMA robustness analysis
Germany,2024-10-27,sarima_p1_d0_q0_P0_D1_Q0_s24,1,1,0,0,0,1,0,24,n,2024-10-26T18:00:00+02:00,2024-10-26T16:00:00+00:00,2024-10-26T16:00:00+00:00,25,enhanced/post-hoc SARIMA robustness analysis
Germany,2024-10-27,sarima_p2_d0_q0_P0_D1_Q0_s24,2,2,0,0,0,1,0,24,n,2024-10-26T18:00:00+02:00,2024-10-26T16:00:00+00:00,2024-10-26T16:00:00+00:00,25,enhanced/post-hoc SARIMA robustness analysis
Germany,2024-10-27,sarima_p3_d0_q0_P0_D1_Q0_s24,3,3,0,0,0,1,0,24,n,2024-10-26T18:00:00+02:00,2024-10-26T16:00:00+00:00,2024-10-26T16:00:00+00:00,25,enhanced/post-hoc SARIMA robustness analysis
Germany,2024-10-27,sarima_p1_d0_q1_P0_D1_Q0_s24,4,1,0,1,0,1,0,24,n,2024-10-26T18:00:00+02:00,2024-10-26T16:00:00+00:00,2024-10-26T16:00:00+00:00,25,enhanced/post-hoc SARIMA robustness analysis
Germany,2024-10-27,sarima_p2_d0_q1_P0_D1_Q0_s24,5,2,0,1,0,1,0,24,n,2024-10-26T18:00:00+02:00,2024-10-26T16:00:00+00:00,2024-10-26T16:00:00+00:00,25,enhanced/post-hoc SARIMA robustness analysis
Germany,2024-10-27,sarima_p1_d0_q2_P0_D1_Q0_s24,6,1,0,2,0,1,0,24,n,2024-10-26T18:00:00+02:00,2024-10-26T16:00:00+00:00,2024-10-26T16:00:00+00:00,25,enhanced/post-hoc SARIMA robustness analysis
Germany,2024-10-27,sarima_p2_d0_q2_P0_D1_Q0_s24,7,2,0,2,0,1,0,24,n,2024-10-26T18:00:00+02:00,2024-10-26T16:00:00+00:00,2024-10-26T16:00:00+00:00,25,enhanced/post-hoc SARIMA robustness analysis
Germany,2024-10-27,sarima_p1_d0_q0_P1_D1_Q0_s24,8,1,0,0,1,1,0,24,n,2024-10-26T18:00:00+02:00,2024-10-26T16:00:00+00:00,2024-10-26T16:00:00+00:00,25,enhanced/post-hoc SARIMA robustness analysis
Germany,2024-10-27,sarima_p1_d0_q1_P1_D1_Q0_s24,9,1,0,1,1,1,0,24,n,2024-10-26T18:00:00+02:00,2024-10-26T16:00:00+00:00,2024-10-26T16:00:00+00:00,25,enhanced/post-hoc SARIMA robustness analysis
Germany,2024-10-27,sarima_p2_d0_q0_P1_D1_Q0_s24,10,2,0,0,1,1,0,24,n,2024-10-26T18:00:00+02:00,2024-10-26T16:00:00+00:00,2024-10-26T16:00:00+00:00,25,enhanced/post-hoc SARIMA robustness analysis
Germany,2024-10-27,sarima_p2_d0_q1_P1_D1_Q0_s24,11,2,0,1,1,1,0,24,n,2024-10-26T18:00:00+02:00,2024-10-26T16:00:00+00:00,2024-10-26T16:00:00+00:00,25,enhanced/post-hoc SARIMA robustness analysis
Germany,2024-10-27,sarima_p1_d0_q1_P0_D1_Q1_s24,12,1,0,1,0,1,1,24,n,2024-10-26T18:00:00+02:00,2024-10-26T16:00:00+00:00,2024-10-26T16:00:00+00:00,25,enhanced/post-hoc SARIMA robustness analysis
Germany,2024-11-11,sarima_p1_d0_q0_P0_D1_Q0_s24,1,1,0,0,0,1,0,24,n,2024-11-10T18:00:00+01:00,2024-11-10T17:00:00+00:00,2024-11-10T17:00:00+00:00,24,enhanced/post-hoc SARIMA robustness analysis
Germany,2024-11-11,sarima_p2_d0_q0_P0_D1_Q0_s24,2,2,0,0,0,1,0,24,n,2024-11-10T18:00:00+01:00,2024-11-10T17:00:00+00:00,2024-11-10T17:00:00+00:00,24,enhanced/post-hoc SARIMA robustness analysis
Germany,2024-11-11,sarima_p3_d0_q0_P0_D1_Q0_s24,3,3,0,0,0,1,0,24,n,2024-11-10T18:00:00+01:00,2024-11-10T17:00:00+00:00,2024-11-10T17:00:00+00:00,24,enhanced/post-hoc SARIMA robustness analysis
Germany,2024-11-11,sarima_p1_d0_q1_P0_D1_Q0_s24,4,1,0,1,0,1,0,24,n,2024-11-10T18:00:00+01:00,2024-11-10T17:00:00+00:00,2024-11-10T17:00:00+00:00,24,enhanced/post-hoc SARIMA robustness analysis
Germany,2024-11-11,sarima_p2_d0_q1_P0_D1_Q0_s24,5,2,0,1,0,1,0,24,n,2024-11-10T18:00:00+01:00,2024-11-10T17:00:00+00:00,2024-11-10T17:00:00+00:00,24,enhanced/post-hoc SARIMA robustness analysis
Germany,2024-11-11,sarima_p1_d0_q2_P0_D1_Q0_s24,6,1,0,2,0,1,0,24,n,2024-11-10T18:00:00+01:00,2024-11-10T17:00:00+00:00,2024-11-10T17:00:00+00:00,24,enhanced/post-hoc SARIMA robustness analysis
Germany,2024-11-11,sarima_p2_d0_q2_P0_D1_Q0_s24,7,2,0,2,0,1,0,24,n,2024-11-10T18:00:00+01:00,2024-11-10T17:00:00+00:00,2024-11-10T17:00:00+00:00,24,enhanced/post-hoc SARIMA robustness analysis
Germany,2024-11-11,sarima_p1_d0_q0_P1_D1_Q0_s24,8,1,0,0,1,1,0,24,n,2024-11-10T18:00:00+01:00,2024-11-10T17:00:00+00:00,2024-11-10T17:00:00+00:00,24,enhanced/post-hoc SARIMA robustness analysis
Germany,2024-11-11,sarima_p1_d0_q1_P1_D1_Q0_s24,9,1,0,1,1,1,0,24,n,2024-11-10T18:00:00+01:00,2024-11-10T17:00:00+00:00,2024-11-10T17:00:00+00:00,24,enhanced/post-hoc SARIMA robustness analysis
Germany,2024-11-11,sarima_p2_d0_q0_P1_D1_Q0_s24,10,2,0,0,1,1,0,24,n,2024-11-10T18:00:00+01:00,2024-11-10T17:00:00+00:00,2024-11-10T17:00:00+00:00,24,enhanced/post-hoc SARIMA robustness analysis
Germany,2024-11-11,sarima_p2_d0_q1_P1_D1_Q0_s24,11,2,0,1,1,1,0,24,n,2024-11-10T18:00:00+01:00,2024-11-10T17:00:00+00:00,2024-11-10T17:00:00+00:00,24,enhanced/post-hoc SARIMA robustness analysis
Germany,2024-11-11,sarima_p1_d0_q1_P0_D1_Q1_s24,12,1,0,1,0,1,1,24,n,2024-11-10T18:00:00+01:00,2024-11-10T17:00:00+00:00,2024-11-10T17:00:00+00:00,24,enhanced/post-hoc SARIMA robustness analysis
Germany,2024-11-23,sarima_p1_d0_q0_P0_D1_Q0_s24,1,1,0,0,0,1,0,24,n,2024-11-22T18:00:00+01:00,2024-11-22T17:00:00+00:00,2024-11-22T17:00:00+00:00,24,enhanced/post-hoc SARIMA robustness analysis
Germany,2024-11-23,sarima_p2_d0_q0_P0_D1_Q0_s24,2,2,0,0,0,1,0,24,n,2024-11-22T18:00:00+01:00,2024-11-22T17:00:00+00:00,2024-11-22T17:00:00+00:00,24,enhanced/post-hoc SARIMA robustness analysis
Germany,2024-11-23,sarima_p3_d0_q0_P0_D1_Q0_s24,3,3,0,0,0,1,0,24,n,2024-11-22T18:00:00+01:00,2024-11-22T17:00:00+00:00,2024-11-22T17:00:00+00:00,24,enhanced/post-hoc SARIMA robustness analysis
Germany,2024-11-23,sarima_p1_d0_q1_P0_D1_Q0_s24,4,1,0,1,0,1,0,24,n,2024-11-22T18:00:00+01:00,2024-11-22T17:00:00+00:00,2024-11-22T17:00:00+00:00,24,enhanced/post-hoc SARIMA robustness analysis
Germany,2024-11-23,sarima_p2_d0_q1_P0_D1_Q0_s24,5,2,0,1,0,1,0,24,n,2024-11-22T18:00:00+01:00,2024-11-22T17:00:00+00:00,2024-11-22T17:00:00+00:00,24,enhanced/post-hoc SARIMA robustness analysis
Germany,2024-11-23,sarima_p1_d0_q2_P0_D1_Q0_s24,6,1,0,2,0,1,0,24,n,2024-11-22T18:00:00+01:00,2024-11-22T17:00:00+00:00,2024-11-22T17:00:00+00:00,24,enhanced/post-hoc SARIMA robustness analysis
Germany,2024-11-23,sarima_p2_d0_q2_P0_D1_Q0_s24,7,2,0,2,0,1,0,24,n,2024-11-22T18:00:00+01:00,2024-11-22T17:00:00+00:00,2024-11-22T17:00:00+00:00,24,enhanced/post-hoc SARIMA robustness analysis
Germany,2024-11-23,sarima_p1_d0_q0_P1_D1_Q0_s24,8,1,0,0,1,1,0,24,n,2024-11-22T18:00:00+01:00,2024-11-22T17:00:00+00:00,2024-11-22T17:00:00+00:00,24,enhanced/post-hoc SARIMA robustness analysis
Germany,2024-11-23,sarima_p1_d0_q1_P1_D1_Q0_s24,9,1,0,1,1,1,0,24,n,2024-11-22T18:00:00+01:00,2024-11-22T17:00:00+00:00,2024-11-22T17:00:00+00:00,24,enhanced/post-hoc SARIMA robustness analysis
Germany,2024-11-23,sarima_p2_d0_q0_P1_D1_Q0_s24,10,2,0,0,1,1,0,24,n,2024-11-22T18:00:00+01:00,2024-11-22T17:00:00+00:00,2024-11-22T17:00:00+00:00,24,enhanced/post-hoc SARIMA robustness analysis
Germany,2024-11-23,sarima_p2_d0_q1_P1_D1_Q0_s24,11,2,0,1,1,1,0,24,n,2024-11-22T18:00:00+01:00,2024-11-22T17:00:00+00:00,2024-11-22T17:00:00+00:00,24,enhanced/post-hoc SARIMA robustness analysis
Germany,2024-11-23,sarima_p1_d0_q1_P0_D1_Q1_s24,12,1,0,1,0,1,1,24,n,2024-11-22T18:00:00+01:00,2024-11-22T17:00:00+00:00,2024-11-22T17:00:00+00:00,24,enhanced/post-hoc SARIMA robustness analysis
Germany,2024-12-08,sarima_p1_d0_q0_P0_D1_Q0_s24,1,1,0,0,0,1,0,24,n,2024-12-07T18:00:00+01:00,2024-12-07T17:00:00+00:00,2024-12-07T17:00:00+00:00,24,enhanced/post-hoc SARIMA robustness analysis
Germany,2024-12-08,sarima_p2_d0_q0_P0_D1_Q0_s24,2,2,0,0,0,1,0,24,n,2024-12-07T18:00:00+01:00,2024-12-07T17:00:00+00:00,2024-12-07T17:00:00+00:00,24,enhanced/post-hoc SARIMA robustness analysis
Germany,2024-12-08,sarima_p3_d0_q0_P0_D1_Q0_s24,3,3,0,0,0,1,0,24,n,2024-12-07T18:00:00+01:00,2024-12-07T17:00:00+00:00,2024-12-07T17:00:00+00:00,24,enhanced/post-hoc SARIMA robustness analysis
Germany,2024-12-08,sarima_p1_d0_q1_P0_D1_Q0_s24,4,1,0,1,0,1,0,24,n,2024-12-07T18:00:00+01:00,2024-12-07T17:00:00+00:00,2024-12-07T17:00:00+00:00,24,enhanced/post-hoc SARIMA robustness analysis
Germany,2024-12-08,sarima_p2_d0_q1_P0_D1_Q0_s24,5,2,0,1,0,1,0,24,n,2024-12-07T18:00:00+01:00,2024-12-07T17:00:00+00:00,2024-12-07T17:00:00+00:00,24,enhanced/post-hoc SARIMA robustness analysis
Germany,2024-12-08,sarima_p1_d0_q2_P0_D1_Q0_s24,6,1,0,2,0,1,0,24,n,2024-12-07T18:00:00+01:00,2024-12-07T17:00:00+00:00,2024-12-07T17:00:00+00:00,24,enhanced/post-hoc SARIMA robustness analysis
Germany,2024-12-08,sarima_p2_d0_q2_P0_D1_Q0_s24,7,2,0,2,0,1,0,24,n,2024-12-07T18:00:00+01:00,2024-12-07T17:00:00+00:00,2024-12-07T17:00:00+00:00,24,enhanced/post-hoc SARIMA robustness analysis
Germany,2024-12-08,sarima_p1_d0_q0_P1_D1_Q0_s24,8,1,0,0,1,1,0,24,n,2024-12-07T18:00:00+01:00,2024-12-07T17:00:00+00:00,2024-12-07T17:00:00+00:00,24,enhanced/post-hoc SARIMA robustness analysis
Germany,2024-12-08,sarima_p1_d0_q1_P1_D1_Q0_s24,9,1,0,1,1,1,0,24,n,2024-12-07T18:00:00+01:00,2024-12-07T17:00:00+00:00,2024-12-07T17:00:00+00:00,24,enhanced/post-hoc SARIMA robustness analysis
Germany,2024-12-08,sarima_p2_d0_q0_P1_D1_Q0_s24,10,2,0,0,1,1,0,24,n,2024-12-07T18:00:00+01:00,2024-12-07T17:00:00+00:00,2024-12-07T17:00:00+00:00,24,enhanced/post-hoc SARIMA robustness analysis
Germany,2024-12-08,sarima_p2_d0_q1_P1_D1_Q0_s24,11,2,0,1,1,1,0,24,n,2024-12-07T18:00:00+01:00,2024-12-07T17:00:00+00:00,2024-12-07T17:00:00+00:00,24,enhanced/post-hoc SARIMA robustness analysis
Germany,2024-12-08,sarima_p1_d0_q1_P0_D1_Q1_s24,12,1,0,1,0,1,1,24,n,2024-12-07T18:00:00+01:00,2024-12-07T17:00:00+00:00,2024-12-07T17:00:00+00:00,24,enhanced/post-hoc SARIMA robustness analysis
Germany,2024-12-16,sarima_p1_d0_q0_P0_D1_Q0_s24,1,1,0,0,0,1,0,24,n,2024-12-15T18:00:00+01:00,2024-12-15T17:00:00+00:00,2024-12-15T17:00:00+00:00,24,enhanced/post-hoc SARIMA robustness analysis
Germany,2024-12-16,sarima_p2_d0_q0_P0_D1_Q0_s24,2,2,0,0,0,1,0,24,n,2024-12-15T18:00:00+01:00,2024-12-15T17:00:00+00:00,2024-12-15T17:00:00+00:00,24,enhanced/post-hoc SARIMA robustness analysis
Germany,2024-12-16,sarima_p3_d0_q0_P0_D1_Q0_s24,3,3,0,0,0,1,0,24,n,2024-12-15T18:00:00+01:00,2024-12-15T17:00:00+00:00,2024-12-15T17:00:00+00:00,24,enhanced/post-hoc SARIMA robustness analysis
Germany,2024-12-16,sarima_p1_d0_q1_P0_D1_Q0_s24,4,1,0,1,0,1,0,24,n,2024-12-15T18:00:00+01:00,2024-12-15T17:00:00+00:00,2024-12-15T17:00:00+00:00,24,enhanced/post-hoc SARIMA robustness analysis
Germany,2024-12-16,sarima_p2_d0_q1_P0_D1_Q0_s24,5,2,0,1,0,1,0,24,n,2024-12-15T18:00:00+01:00,2024-12-15T17:00:00+00:00,2024-12-15T17:00:00+00:00,24,enhanced/post-hoc SARIMA robustness analysis
Germany,2024-12-16,sarima_p1_d0_q2_P0_D1_Q0_s24,6,1,0,2,0,1,0,24,n,2024-12-15T18:00:00+01:00,2024-12-15T17:00:00+00:00,2024-12-15T17:00:00+00:00,24,enhanced/post-hoc SARIMA robustness analysis
Germany,2024-12-16,sarima_p2_d0_q2_P0_D1_Q0_s24,7,2,0,2,0,1,0,24,n,2024-12-15T18:00:00+01:00,2024-12-15T17:00:00+00:00,2024-12-15T17:00:00+00:00,24,enhanced/post-hoc SARIMA robustness analysis
Germany,2024-12-16,sarima_p1_d0_q0_P1_D1_Q0_s24,8,1,0,0,1,1,0,24,n,2024-12-15T18:00:00+01:00,2024-12-15T17:00:00+00:00,2024-12-15T17:00:00+00:00,24,enhanced/post-hoc SARIMA robustness analysis
Germany,2024-12-16,sarima_p1_d0_q1_P1_D1_Q0_s24,9,1,0,1,1,1,0,24,n,2024-12-15T18:00:00+01:00,2024-12-15T17:00:00+00:00,2024-12-15T17:00:00+00:00,24,enhanced/post-hoc SARIMA robustness analysis
Germany,2024-12-16,sarima_p2_d0_q0_P1_D1_Q0_s24,10,2,0,0,1,1,0,24,n,2024-12-15T18:00:00+01:00,2024-12-15T17:00:00+00:00,2024-12-15T17:00:00+00:00,24,enhanced/post-hoc SARIMA robustness analysis
Germany,2024-12-16,sarima_p2_d0_q1_P1_D1_Q0_s24,11,2,0,1,1,1,0,24,n,2024-12-15T18:00:00+01:00,2024-12-15T17:00:00+00:00,2024-12-15T17:00:00+00:00,24,enhanced/post-hoc SARIMA robustness analysis
Germany,2024-12-16,sarima_p1_d0_q1_P0_D1_Q1_s24,12,1,0,1,0,1,1,24,n,2024-12-15T18:00:00+01:00,2024-12-15T17:00:00+00:00,2024-12-15T17:00:00+00:00,24,enhanced/post-hoc SARIMA robustness analysis
Germany,2024-12-27,sarima_p1_d0_q0_P0_D1_Q0_s24,1,1,0,0,0,1,0,24,n,2024-12-26T18:00:00+01:00,2024-12-26T17:00:00+00:00,2024-12-26T17:00:00+00:00,24,enhanced/post-hoc SARIMA robustness analysis
Germany,2024-12-27,sarima_p2_d0_q0_P0_D1_Q0_s24,2,2,0,0,0,1,0,24,n,2024-12-26T18:00:00+01:00,2024-12-26T17:00:00+00:00,2024-12-26T17:00:00+00:00,24,enhanced/post-hoc SARIMA robustness analysis
Germany,2024-12-27,sarima_p3_d0_q0_P0_D1_Q0_s24,3,3,0,0,0,1,0,24,n,2024-12-26T18:00:00+01:00,2024-12-26T17:00:00+00:00,2024-12-26T17:00:00+00:00,24,enhanced/post-hoc SARIMA robustness analysis
Germany,2024-12-27,sarima_p1_d0_q1_P0_D1_Q0_s24,4,1,0,1,0,1,0,24,n,2024-12-26T18:00:00+01:00,2024-12-26T17:00:00+00:00,2024-12-26T17:00:00+00:00,24,enhanced/post-hoc SARIMA robustness analysis
Germany,2024-12-27,sarima_p2_d0_q1_P0_D1_Q0_s24,5,2,0,1,0,1,0,24,n,2024-12-26T18:00:00+01:00,2024-12-26T17:00:00+00:00,2024-12-26T17:00:00+00:00,24,enhanced/post-hoc SARIMA robustness analysis
Germany,2024-12-27,sarima_p1_d0_q2_P0_D1_Q0_s24,6,1,0,2,0,1,0,24,n,2024-12-26T18:00:00+01:00,2024-12-26T17:00:00+00:00,2024-12-26T17:00:00+00:00,24,enhanced/post-hoc SARIMA robustness analysis
Germany,2024-12-27,sarima_p2_d0_q2_P0_D1_Q0_s24,7,2,0,2,0,1,0,24,n,2024-12-26T18:00:00+01:00,2024-12-26T17:00:00+00:00,2024-12-26T17:00:00+00:00,24,enhanced/post-hoc SARIMA robustness analysis
Germany,2024-12-27,sarima_p1_d0_q0_P1_D1_Q0_s24,8,1,0,0,1,1,0,24,n,2024-12-26T18:00:00+01:00,2024-12-26T17:00:00+00:00,2024-12-26T17:00:00+00:00,24,enhanced/post-hoc SARIMA robustness analysis
Germany,2024-12-27,sarima_p1_d0_q1_P1_D1_Q0_s24,9,1,0,1,1,1,0,24,n,2024-12-26T18:00:00+01:00,2024-12-26T17:00:00+00:00,2024-12-26T17:00:00+00:00,24,enhanced/post-hoc SARIMA robustness analysis
Germany,2024-12-27,sarima_p2_d0_q0_P1_D1_Q0_s24,10,2,0,0,1,1,0,24,n,2024-12-26T18:00:00+01:00,2024-12-26T17:00:00+00:00,2024-12-26T17:00:00+00:00,24,enhanced/post-hoc SARIMA robustness analysis
Germany,2024-12-27,sarima_p2_d0_q1_P1_D1_Q0_s24,11,2,0,1,1,1,0,24,n,2024-12-26T18:00:00+01:00,2024-12-26T17:00:00+00:00,2024-12-26T17:00:00+00:00,24,enhanced/post-hoc SARIMA robustness analysis
Germany,2024-12-27,sarima_p1_d0_q1_P0_D1_Q1_s24,12,1,0,1,0,1,1,24,n,2024-12-26T18:00:00+01:00,2024-12-26T17:00:00+00:00,2024-12-26T17:00:00+00:00,24,enhanced/post-hoc SARIMA robustness analysis
Austria,2024-01-15,sarima_p1_d0_q0_P0_D1_Q0_s24,1,1,0,0,0,1,0,24,n,2024-01-14T08:00:00+01:00,2024-01-14T07:00:00+00:00,2024-01-14T07:00:00+00:00,24,enhanced/post-hoc SARIMA robustness analysis
Austria,2024-01-15,sarima_p2_d0_q0_P0_D1_Q0_s24,2,2,0,0,0,1,0,24,n,2024-01-14T08:00:00+01:00,2024-01-14T07:00:00+00:00,2024-01-14T07:00:00+00:00,24,enhanced/post-hoc SARIMA robustness analysis
Austria,2024-01-15,sarima_p3_d0_q0_P0_D1_Q0_s24,3,3,0,0,0,1,0,24,n,2024-01-14T08:00:00+01:00,2024-01-14T07:00:00+00:00,2024-01-14T07:00:00+00:00,24,enhanced/post-hoc SARIMA robustness analysis
Austria,2024-01-15,sarima_p1_d0_q1_P0_D1_Q0_s24,4,1,0,1,0,1,0,24,n,2024-01-14T08:00:00+01:00,2024-01-14T07:00:00+00:00,2024-01-14T07:00:00+00:00,24,enhanced/post-hoc SARIMA robustness analysis
Austria,2024-01-15,sarima_p2_d0_q1_P0_D1_Q0_s24,5,2,0,1,0,1,0,24,n,2024-01-14T08:00:00+01:00,2024-01-14T07:00:00+00:00,2024-01-14T07:00:00+00:00,24,enhanced/post-hoc SARIMA robustness analysis
Austria,2024-01-15,sarima_p1_d0_q2_P0_D1_Q0_s24,6,1,0,2,0,1,0,24,n,2024-01-14T08:00:00+01:00,2024-01-14T07:00:00+00:00,2024-01-14T07:00:00+00:00,24,enhanced/post-hoc SARIMA robustness analysis
Austria,2024-01-15,sarima_p2_d0_q2_P0_D1_Q0_s24,7,2,0,2,0,1,0,24,n,2024-01-14T08:00:00+01:00,2024-01-14T07:00:00+00:00,2024-01-14T07:00:00+00:00,24,enhanced/post-hoc SARIMA robustness analysis
Austria,2024-01-15,sarima_p1_d0_q0_P1_D1_Q0_s24,8,1,0,0,1,1,0,24,n,2024-01-14T08:00:00+01:00,2024-01-14T07:00:00+00:00,2024-01-14T07:00:00+00:00,24,enhanced/post-hoc SARIMA robustness analysis
Austria,2024-01-15,sarima_p1_d0_q1_P1_D1_Q0_s24,9,1,0,1,1,1,0,24,n,2024-01-14T08:00:00+01:00,2024-01-14T07:00:00+00:00,2024-01-14T07:00:00+00:00,24,enhanced/post-hoc SARIMA robustness analysis
Austria,2024-01-15,sarima_p2_d0_q0_P1_D1_Q0_s24,10,2,0,0,1,1,0,24,n,2024-01-14T08:00:00+01:00,2024-01-14T07:00:00+00:00,2024-01-14T07:00:00+00:00,24,enhanced/post-hoc SARIMA robustness analysis
Austria,2024-01-15,sarima_p2_d0_q1_P1_D1_Q0_s24,11,2,0,1,1,1,0,24,n,2024-01-14T08:00:00+01:00,2024-01-14T07:00:00+00:00,2024-01-14T07:00:00+00:00,24,enhanced/post-hoc SARIMA robustness analysis
Austria,2024-01-15,sarima_p1_d0_q1_P0_D1_Q1_s24,12,1,0,1,0,1,1,24,n,2024-01-14T08:00:00+01:00,2024-01-14T07:00:00+00:00,2024-01-14T07:00:00+00:00,24,enhanced/post-hoc SARIMA robustness analysis
Austria,2024-02-17,sarima_p1_d0_q0_P0_D1_Q0_s24,1,1,0,0,0,1,0,24,n,2024-02-16T08:00:00+01:00,2024-02-16T07:00:00+00:00,2024-02-16T07:00:00+00:00,24,enhanced/post-hoc SARIMA robustness analysis
Austria,2024-02-17,sarima_p2_d0_q0_P0_D1_Q0_s24,2,2,0,0,0,1,0,24,n,2024-02-16T08:00:00+01:00,2024-02-16T07:00:00+00:00,2024-02-16T07:00:00+00:00,24,enhanced/post-hoc SARIMA robustness analysis
Austria,2024-02-17,sarima_p3_d0_q0_P0_D1_Q0_s24,3,3,0,0,0,1,0,24,n,2024-02-16T08:00:00+01:00,2024-02-16T07:00:00+00:00,2024-02-16T07:00:00+00:00,24,enhanced/post-hoc SARIMA robustness analysis
Austria,2024-02-17,sarima_p1_d0_q1_P0_D1_Q0_s24,4,1,0,1,0,1,0,24,n,2024-02-16T08:00:00+01:00,2024-02-16T07:00:00+00:00,2024-02-16T07:00:00+00:00,24,enhanced/post-hoc SARIMA robustness analysis
Austria,2024-02-17,sarima_p2_d0_q1_P0_D1_Q0_s24,5,2,0,1,0,1,0,24,n,2024-02-16T08:00:00+01:00,2024-02-16T07:00:00+00:00,2024-02-16T07:00:00+00:00,24,enhanced/post-hoc SARIMA robustness analysis
Austria,2024-02-17,sarima_p1_d0_q2_P0_D1_Q0_s24,6,1,0,2,0,1,0,24,n,2024-02-16T08:00:00+01:00,2024-02-16T07:00:00+00:00,2024-02-16T07:00:00+00:00,24,enhanced/post-hoc SARIMA robustness analysis
Austria,2024-02-17,sarima_p2_d0_q2_P0_D1_Q0_s24,7,2,0,2,0,1,0,24,n,2024-02-16T08:00:00+01:00,2024-02-16T07:00:00+00:00,2024-02-16T07:00:00+00:00,24,enhanced/post-hoc SARIMA robustness analysis
Austria,2024-02-17,sarima_p1_d0_q0_P1_D1_Q0_s24,8,1,0,0,1,1,0,24,n,2024-02-16T08:00:00+01:00,2024-02-16T07:00:00+00:00,2024-02-16T07:00:00+00:00,24,enhanced/post-hoc SARIMA robustness analysis
Austria,2024-02-17,sarima_p1_d0_q1_P1_D1_Q0_s24,9,1,0,1,1,1,0,24,n,2024-02-16T08:00:00+01:00,2024-02-16T07:00:00+00:00,2024-02-16T07:00:00+00:00,24,enhanced/post-hoc SARIMA robustness analysis
Austria,2024-02-17,sarima_p2_d0_q0_P1_D1_Q0_s24,10,2,0,0,1,1,0,24,n,2024-02-16T08:00:00+01:00,2024-02-16T07:00:00+00:00,2024-02-16T07:00:00+00:00,24,enhanced/post-hoc SARIMA robustness analysis
Austria,2024-02-17,sarima_p2_d0_q1_P1_D1_Q0_s24,11,2,0,1,1,1,0,24,n,2024-02-16T08:00:00+01:00,2024-02-16T07:00:00+00:00,2024-02-16T07:00:00+00:00,24,enhanced/post-hoc SARIMA robustness analysis
Austria,2024-02-17,sarima_p1_d0_q1_P0_D1_Q1_s24,12,1,0,1,0,1,1,24,n,2024-02-16T08:00:00+01:00,2024-02-16T07:00:00+00:00,2024-02-16T07:00:00+00:00,24,enhanced/post-hoc SARIMA robustness analysis
Austria,2024-03-10,sarima_p1_d0_q0_P0_D1_Q0_s24,1,1,0,0,0,1,0,24,n,2024-03-09T08:00:00+01:00,2024-03-09T07:00:00+00:00,2024-03-09T07:00:00+00:00,24,enhanced/post-hoc SARIMA robustness analysis
Austria,2024-03-10,sarima_p2_d0_q0_P0_D1_Q0_s24,2,2,0,0,0,1,0,24,n,2024-03-09T08:00:00+01:00,2024-03-09T07:00:00+00:00,2024-03-09T07:00:00+00:00,24,enhanced/post-hoc SARIMA robustness analysis
Austria,2024-03-10,sarima_p3_d0_q0_P0_D1_Q0_s24,3,3,0,0,0,1,0,24,n,2024-03-09T08:00:00+01:00,2024-03-09T07:00:00+00:00,2024-03-09T07:00:00+00:00,24,enhanced/post-hoc SARIMA robustness analysis
Austria,2024-03-10,sarima_p1_d0_q1_P0_D1_Q0_s24,4,1,0,1,0,1,0,24,n,2024-03-09T08:00:00+01:00,2024-03-09T07:00:00+00:00,2024-03-09T07:00:00+00:00,24,enhanced/post-hoc SARIMA robustness analysis
Austria,2024-03-10,sarima_p2_d0_q1_P0_D1_Q0_s24,5,2,0,1,0,1,0,24,n,2024-03-09T08:00:00+01:00,2024-03-09T07:00:00+00:00,2024-03-09T07:00:00+00:00,24,enhanced/post-hoc SARIMA robustness analysis
Austria,2024-03-10,sarima_p1_d0_q2_P0_D1_Q0_s24,6,1,0,2,0,1,0,24,n,2024-03-09T08:00:00+01:00,2024-03-09T07:00:00+00:00,2024-03-09T07:00:00+00:00,24,enhanced/post-hoc SARIMA robustness analysis
Austria,2024-03-10,sarima_p2_d0_q2_P0_D1_Q0_s24,7,2,0,2,0,1,0,24,n,2024-03-09T08:00:00+01:00,2024-03-09T07:00:00+00:00,2024-03-09T07:00:00+00:00,24,enhanced/post-hoc SARIMA robustness analysis
Austria,2024-03-10,sarima_p1_d0_q0_P1_D1_Q0_s24,8,1,0,0,1,1,0,24,n,2024-03-09T08:00:00+01:00,2024-03-09T07:00:00+00:00,2024-03-09T07:00:00+00:00,24,enhanced/post-hoc SARIMA robustness analysis
Austria,2024-03-10,sarima_p1_d0_q1_P1_D1_Q0_s24,9,1,0,1,1,1,0,24,n,2024-03-09T08:00:00+01:00,2024-03-09T07:00:00+00:00,2024-03-09T07:00:00+00:00,24,enhanced/post-hoc SARIMA robustness analysis
Austria,2024-03-10,sarima_p2_d0_q0_P1_D1_Q0_s24,10,2,0,0,1,1,0,24,n,2024-03-09T08:00:00+01:00,2024-03-09T07:00:00+00:00,2024-03-09T07:00:00+00:00,24,enhanced/post-hoc SARIMA robustness analysis
Austria,2024-03-10,sarima_p2_d0_q1_P1_D1_Q0_s24,11,2,0,1,1,1,0,24,n,2024-03-09T08:00:00+01:00,2024-03-09T07:00:00+00:00,2024-03-09T07:00:00+00:00,24,enhanced/post-hoc SARIMA robustness analysis
Austria,2024-03-10,sarima_p1_d0_q1_P0_D1_Q1_s24,12,1,0,1,0,1,1,24,n,2024-03-09T08:00:00+01:00,2024-03-09T07:00:00+00:00,2024-03-09T07:00:00+00:00,24,enhanced/post-hoc SARIMA robustness analysis
Austria,2024-03-31,sarima_p1_d0_q0_P0_D1_Q0_s24,1,1,0,0,0,1,0,24,n,2024-03-30T08:00:00+01:00,2024-03-30T07:00:00+00:00,2024-03-30T07:00:00+00:00,23,enhanced/post-hoc SARIMA robustness analysis
Austria,2024-03-31,sarima_p2_d0_q0_P0_D1_Q0_s24,2,2,0,0,0,1,0,24,n,2024-03-30T08:00:00+01:00,2024-03-30T07:00:00+00:00,2024-03-30T07:00:00+00:00,23,enhanced/post-hoc SARIMA robustness analysis
Austria,2024-03-31,sarima_p3_d0_q0_P0_D1_Q0_s24,3,3,0,0,0,1,0,24,n,2024-03-30T08:00:00+01:00,2024-03-30T07:00:00+00:00,2024-03-30T07:00:00+00:00,23,enhanced/post-hoc SARIMA robustness analysis
Austria,2024-03-31,sarima_p1_d0_q1_P0_D1_Q0_s24,4,1,0,1,0,1,0,24,n,2024-03-30T08:00:00+01:00,2024-03-30T07:00:00+00:00,2024-03-30T07:00:00+00:00,23,enhanced/post-hoc SARIMA robustness analysis
Austria,2024-03-31,sarima_p2_d0_q1_P0_D1_Q0_s24,5,2,0,1,0,1,0,24,n,2024-03-30T08:00:00+01:00,2024-03-30T07:00:00+00:00,2024-03-30T07:00:00+00:00,23,enhanced/post-hoc SARIMA robustness analysis
Austria,2024-03-31,sarima_p1_d0_q2_P0_D1_Q0_s24,6,1,0,2,0,1,0,24,n,2024-03-30T08:00:00+01:00,2024-03-30T07:00:00+00:00,2024-03-30T07:00:00+00:00,23,enhanced/post-hoc SARIMA robustness analysis
Austria,2024-03-31,sarima_p2_d0_q2_P0_D1_Q0_s24,7,2,0,2,0,1,0,24,n,2024-03-30T08:00:00+01:00,2024-03-30T07:00:00+00:00,2024-03-30T07:00:00+00:00,23,enhanced/post-hoc SARIMA robustness analysis
Austria,2024-03-31,sarima_p1_d0_q0_P1_D1_Q0_s24,8,1,0,0,1,1,0,24,n,2024-03-30T08:00:00+01:00,2024-03-30T07:00:00+00:00,2024-03-30T07:00:00+00:00,23,enhanced/post-hoc SARIMA robustness analysis
Austria,2024-03-31,sarima_p1_d0_q1_P1_D1_Q0_s24,9,1,0,1,1,1,0,24,n,2024-03-30T08:00:00+01:00,2024-03-30T07:00:00+00:00,2024-03-30T07:00:00+00:00,23,enhanced/post-hoc SARIMA robustness analysis
Austria,2024-03-31,sarima_p2_d0_q0_P1_D1_Q0_s24,10,2,0,0,1,1,0,24,n,2024-03-30T08:00:00+01:00,2024-03-30T07:00:00+00:00,2024-03-30T07:00:00+00:00,23,enhanced/post-hoc SARIMA robustness analysis
Austria,2024-03-31,sarima_p2_d0_q1_P1_D1_Q0_s24,11,2,0,1,1,1,0,24,n,2024-03-30T08:00:00+01:00,2024-03-30T07:00:00+00:00,2024-03-30T07:00:00+00:00,23,enhanced/post-hoc SARIMA robustness analysis
Austria,2024-03-31,sarima_p1_d0_q1_P0_D1_Q1_s24,12,1,0,1,0,1,1,24,n,2024-03-30T08:00:00+01:00,2024-03-30T07:00:00+00:00,2024-03-30T07:00:00+00:00,23,enhanced/post-hoc SARIMA robustness analysis
Austria,2024-04-15,sarima_p1_d0_q0_P0_D1_Q0_s24,1,1,0,0,0,1,0,24,n,2024-04-14T08:00:00+02:00,2024-04-14T06:00:00+00:00,2024-04-14T06:00:00+00:00,24,enhanced/post-hoc SARIMA robustness analysis
Austria,2024-04-15,sarima_p2_d0_q0_P0_D1_Q0_s24,2,2,0,0,0,1,0,24,n,2024-04-14T08:00:00+02:00,2024-04-14T06:00:00+00:00,2024-04-14T06:00:00+00:00,24,enhanced/post-hoc SARIMA robustness analysis
Austria,2024-04-15,sarima_p3_d0_q0_P0_D1_Q0_s24,3,3,0,0,0,1,0,24,n,2024-04-14T08:00:00+02:00,2024-04-14T06:00:00+00:00,2024-04-14T06:00:00+00:00,24,enhanced/post-hoc SARIMA robustness analysis
Austria,2024-04-15,sarima_p1_d0_q1_P0_D1_Q0_s24,4,1,0,1,0,1,0,24,n,2024-04-14T08:00:00+02:00,2024-04-14T06:00:00+00:00,2024-04-14T06:00:00+00:00,24,enhanced/post-hoc SARIMA robustness analysis
Austria,2024-04-15,sarima_p2_d0_q1_P0_D1_Q0_s24,5,2,0,1,0,1,0,24,n,2024-04-14T08:00:00+02:00,2024-04-14T06:00:00+00:00,2024-04-14T06:00:00+00:00,24,enhanced/post-hoc SARIMA robustness analysis
Austria,2024-04-15,sarima_p1_d0_q2_P0_D1_Q0_s24,6,1,0,2,0,1,0,24,n,2024-04-14T08:00:00+02:00,2024-04-14T06:00:00+00:00,2024-04-14T06:00:00+00:00,24,enhanced/post-hoc SARIMA robustness analysis
Austria,2024-04-15,sarima_p2_d0_q2_P0_D1_Q0_s24,7,2,0,2,0,1,0,24,n,2024-04-14T08:00:00+02:00,2024-04-14T06:00:00+00:00,2024-04-14T06:00:00+00:00,24,enhanced/post-hoc SARIMA robustness analysis
Austria,2024-04-15,sarima_p1_d0_q0_P1_D1_Q0_s24,8,1,0,0,1,1,0,24,n,2024-04-14T08:00:00+02:00,2024-04-14T06:00:00+00:00,2024-04-14T06:00:00+00:00,24,enhanced/post-hoc SARIMA robustness analysis
Austria,2024-04-15,sarima_p1_d0_q1_P1_D1_Q0_s24,9,1,0,1,1,1,0,24,n,2024-04-14T08:00:00+02:00,2024-04-14T06:00:00+00:00,2024-04-14T06:00:00+00:00,24,enhanced/post-hoc SARIMA robustness analysis
Austria,2024-04-15,sarima_p2_d0_q0_P1_D1_Q0_s24,10,2,0,0,1,1,0,24,n,2024-04-14T08:00:00+02:00,2024-04-14T06:00:00+00:00,2024-04-14T06:00:00+00:00,24,enhanced/post-hoc SARIMA robustness analysis
Austria,2024-04-15,sarima_p2_d0_q1_P1_D1_Q0_s24,11,2,0,1,1,1,0,24,n,2024-04-14T08:00:00+02:00,2024-04-14T06:00:00+00:00,2024-04-14T06:00:00+00:00,24,enhanced/post-hoc SARIMA robustness analysis
Austria,2024-04-15,sarima_p1_d0_q1_P0_D1_Q1_s24,12,1,0,1,0,1,1,24,n,2024-04-14T08:00:00+02:00,2024-04-14T06:00:00+00:00,2024-04-14T06:00:00+00:00,24,enhanced/post-hoc SARIMA robustness analysis
Austria,2024-05-18,sarima_p1_d0_q0_P0_D1_Q0_s24,1,1,0,0,0,1,0,24,n,2024-05-17T08:00:00+02:00,2024-05-17T06:00:00+00:00,2024-05-17T06:00:00+00:00,24,enhanced/post-hoc SARIMA robustness analysis
Austria,2024-05-18,sarima_p2_d0_q0_P0_D1_Q0_s24,2,2,0,0,0,1,0,24,n,2024-05-17T08:00:00+02:00,2024-05-17T06:00:00+00:00,2024-05-17T06:00:00+00:00,24,enhanced/post-hoc SARIMA robustness analysis
Austria,2024-05-18,sarima_p3_d0_q0_P0_D1_Q0_s24,3,3,0,0,0,1,0,24,n,2024-05-17T08:00:00+02:00,2024-05-17T06:00:00+00:00,2024-05-17T06:00:00+00:00,24,enhanced/post-hoc SARIMA robustness analysis
Austria,2024-05-18,sarima_p1_d0_q1_P0_D1_Q0_s24,4,1,0,1,0,1,0,24,n,2024-05-17T08:00:00+02:00,2024-05-17T06:00:00+00:00,2024-05-17T06:00:00+00:00,24,enhanced/post-hoc SARIMA robustness analysis
Austria,2024-05-18,sarima_p2_d0_q1_P0_D1_Q0_s24,5,2,0,1,0,1,0,24,n,2024-05-17T08:00:00+02:00,2024-05-17T06:00:00+00:00,2024-05-17T06:00:00+00:00,24,enhanced/post-hoc SARIMA robustness analysis
Austria,2024-05-18,sarima_p1_d0_q2_P0_D1_Q0_s24,6,1,0,2,0,1,0,24,n,2024-05-17T08:00:00+02:00,2024-05-17T06:00:00+00:00,2024-05-17T06:00:00+00:00,24,enhanced/post-hoc SARIMA robustness analysis
Austria,2024-05-18,sarima_p2_d0_q2_P0_D1_Q0_s24,7,2,0,2,0,1,0,24,n,2024-05-17T08:00:00+02:00,2024-05-17T06:00:00+00:00,2024-05-17T06:00:00+00:00,24,enhanced/post-hoc SARIMA robustness analysis
Austria,2024-05-18,sarima_p1_d0_q0_P1_D1_Q0_s24,8,1,0,0,1,1,0,24,n,2024-05-17T08:00:00+02:00,2024-05-17T06:00:00+00:00,2024-05-17T06:00:00+00:00,24,enhanced/post-hoc SARIMA robustness analysis
Austria,2024-05-18,sarima_p1_d0_q1_P1_D1_Q0_s24,9,1,0,1,1,1,0,24,n,2024-05-17T08:00:00+02:00,2024-05-17T06:00:00+00:00,2024-05-17T06:00:00+00:00,24,enhanced/post-hoc SARIMA robustness analysis
Austria,2024-05-18,sarima_p2_d0_q0_P1_D1_Q0_s24,10,2,0,0,1,1,0,24,n,2024-05-17T08:00:00+02:00,2024-05-17T06:00:00+00:00,2024-05-17T06:00:00+00:00,24,enhanced/post-hoc SARIMA robustness analysis
Austria,2024-05-18,sarima_p2_d0_q1_P1_D1_Q0_s24,11,2,0,1,1,1,0,24,n,2024-05-17T08:00:00+02:00,2024-05-17T06:00:00+00:00,2024-05-17T06:00:00+00:00,24,enhanced/post-hoc SARIMA robustness analysis
Austria,2024-05-18,sarima_p1_d0_q1_P0_D1_Q1_s24,12,1,0,1,0,1,1,24,n,2024-05-17T08:00:00+02:00,2024-05-17T06:00:00+00:00,2024-05-17T06:00:00+00:00,24,enhanced/post-hoc SARIMA robustness analysis
Austria,2024-06-15,sarima_p1_d0_q0_P0_D1_Q0_s24,1,1,0,0,0,1,0,24,n,2024-06-14T08:00:00+02:00,2024-06-14T06:00:00+00:00,2024-06-14T06:00:00+00:00,24,enhanced/post-hoc SARIMA robustness analysis
Austria,2024-06-15,sarima_p2_d0_q0_P0_D1_Q0_s24,2,2,0,0,0,1,0,24,n,2024-06-14T08:00:00+02:00,2024-06-14T06:00:00+00:00,2024-06-14T06:00:00+00:00,24,enhanced/post-hoc SARIMA robustness analysis
Austria,2024-06-15,sarima_p3_d0_q0_P0_D1_Q0_s24,3,3,0,0,0,1,0,24,n,2024-06-14T08:00:00+02:00,2024-06-14T06:00:00+00:00,2024-06-14T06:00:00+00:00,24,enhanced/post-hoc SARIMA robustness analysis
Austria,2024-06-15,sarima_p1_d0_q1_P0_D1_Q0_s24,4,1,0,1,0,1,0,24,n,2024-06-14T08:00:00+02:00,2024-06-14T06:00:00+00:00,2024-06-14T06:00:00+00:00,24,enhanced/post-hoc SARIMA robustness analysis
Austria,2024-06-15,sarima_p2_d0_q1_P0_D1_Q0_s24,5,2,0,1,0,1,0,24,n,2024-06-14T08:00:00+02:00,2024-06-14T06:00:00+00:00,2024-06-14T06:00:00+00:00,24,enhanced/post-hoc SARIMA robustness analysis
Austria,2024-06-15,sarima_p1_d0_q2_P0_D1_Q0_s24,6,1,0,2,0,1,0,24,n,2024-06-14T08:00:00+02:00,2024-06-14T06:00:00+00:00,2024-06-14T06:00:00+00:00,24,enhanced/post-hoc SARIMA robustness analysis
Austria,2024-06-15,sarima_p2_d0_q2_P0_D1_Q0_s24,7,2,0,2,0,1,0,24,n,2024-06-14T08:00:00+02:00,2024-06-14T06:00:00+00:00,2024-06-14T06:00:00+00:00,24,enhanced/post-hoc SARIMA robustness analysis
Austria,2024-06-15,sarima_p1_d0_q0_P1_D1_Q0_s24,8,1,0,0,1,1,0,24,n,2024-06-14T08:00:00+02:00,2024-06-14T06:00:00+00:00,2024-06-14T06:00:00+00:00,24,enhanced/post-hoc SARIMA robustness analysis
Austria,2024-06-15,sarima_p1_d0_q1_P1_D1_Q0_s24,9,1,0,1,1,1,0,24,n,2024-06-14T08:00:00+02:00,2024-06-14T06:00:00+00:00,2024-06-14T06:00:00+00:00,24,enhanced/post-hoc SARIMA robustness analysis
Austria,2024-06-15,sarima_p2_d0_q0_P1_D1_Q0_s24,10,2,0,0,1,1,0,24,n,2024-06-14T08:00:00+02:00,2024-06-14T06:00:00+00:00,2024-06-14T06:00:00+00:00,24,enhanced/post-hoc SARIMA robustness analysis
Austria,2024-06-15,sarima_p2_d0_q1_P1_D1_Q0_s24,11,2,0,1,1,1,0,24,n,2024-06-14T08:00:00+02:00,2024-06-14T06:00:00+00:00,2024-06-14T06:00:00+00:00,24,enhanced/post-hoc SARIMA robustness analysis
Austria,2024-06-15,sarima_p1_d0_q1_P0_D1_Q1_s24,12,1,0,1,0,1,1,24,n,2024-06-14T08:00:00+02:00,2024-06-14T06:00:00+00:00,2024-06-14T06:00:00+00:00,24,enhanced/post-hoc SARIMA robustness analysis
Austria,2024-07-14,sarima_p1_d0_q0_P0_D1_Q0_s24,1,1,0,0,0,1,0,24,n,2024-07-13T08:00:00+02:00,2024-07-13T06:00:00+00:00,2024-07-13T06:00:00+00:00,24,enhanced/post-hoc SARIMA robustness analysis
Austria,2024-07-14,sarima_p2_d0_q0_P0_D1_Q0_s24,2,2,0,0,0,1,0,24,n,2024-07-13T08:00:00+02:00,2024-07-13T06:00:00+00:00,2024-07-13T06:00:00+00:00,24,enhanced/post-hoc SARIMA robustness analysis
Austria,2024-07-14,sarima_p3_d0_q0_P0_D1_Q0_s24,3,3,0,0,0,1,0,24,n,2024-07-13T08:00:00+02:00,2024-07-13T06:00:00+00:00,2024-07-13T06:00:00+00:00,24,enhanced/post-hoc SARIMA robustness analysis
Austria,2024-07-14,sarima_p1_d0_q1_P0_D1_Q0_s24,4,1,0,1,0,1,0,24,n,2024-07-13T08:00:00+02:00,2024-07-13T06:00:00+00:00,2024-07-13T06:00:00+00:00,24,enhanced/post-hoc SARIMA robustness analysis
Austria,2024-07-14,sarima_p2_d0_q1_P0_D1_Q0_s24,5,2,0,1,0,1,0,24,n,2024-07-13T08:00:00+02:00,2024-07-13T06:00:00+00:00,2024-07-13T06:00:00+00:00,24,enhanced/post-hoc SARIMA robustness analysis
Austria,2024-07-14,sarima_p1_d0_q2_P0_D1_Q0_s24,6,1,0,2,0,1,0,24,n,2024-07-13T08:00:00+02:00,2024-07-13T06:00:00+00:00,2024-07-13T06:00:00+00:00,24,enhanced/post-hoc SARIMA robustness analysis
Austria,2024-07-14,sarima_p2_d0_q2_P0_D1_Q0_s24,7,2,0,2,0,1,0,24,n,2024-07-13T08:00:00+02:00,2024-07-13T06:00:00+00:00,2024-07-13T06:00:00+00:00,24,enhanced/post-hoc SARIMA robustness analysis
Austria,2024-07-14,sarima_p1_d0_q0_P1_D1_Q0_s24,8,1,0,0,1,1,0,24,n,2024-07-13T08:00:00+02:00,2024-07-13T06:00:00+00:00,2024-07-13T06:00:00+00:00,24,enhanced/post-hoc SARIMA robustness analysis
Austria,2024-07-14,sarima_p1_d0_q1_P1_D1_Q0_s24,9,1,0,1,1,1,0,24,n,2024-07-13T08:00:00+02:00,2024-07-13T06:00:00+00:00,2024-07-13T06:00:00+00:00,24,enhanced/post-hoc SARIMA robustness analysis
Austria,2024-07-14,sarima_p2_d0_q0_P1_D1_Q0_s24,10,2,0,0,1,1,0,24,n,2024-07-13T08:00:00+02:00,2024-07-13T06:00:00+00:00,2024-07-13T06:00:00+00:00,24,enhanced/post-hoc SARIMA robustness analysis
Austria,2024-07-14,sarima_p2_d0_q1_P1_D1_Q0_s24,11,2,0,1,1,1,0,24,n,2024-07-13T08:00:00+02:00,2024-07-13T06:00:00+00:00,2024-07-13T06:00:00+00:00,24,enhanced/post-hoc SARIMA robustness analysis
Austria,2024-07-14,sarima_p1_d0_q1_P0_D1_Q1_s24,12,1,0,1,0,1,1,24,n,2024-07-13T08:00:00+02:00,2024-07-13T06:00:00+00:00,2024-07-13T06:00:00+00:00,24,enhanced/post-hoc SARIMA robustness analysis
Austria,2024-08-12,sarima_p1_d0_q0_P0_D1_Q0_s24,1,1,0,0,0,1,0,24,n,2024-08-11T08:00:00+02:00,2024-08-11T06:00:00+00:00,2024-08-11T06:00:00+00:00,24,enhanced/post-hoc SARIMA robustness analysis
Austria,2024-08-12,sarima_p2_d0_q0_P0_D1_Q0_s24,2,2,0,0,0,1,0,24,n,2024-08-11T08:00:00+02:00,2024-08-11T06:00:00+00:00,2024-08-11T06:00:00+00:00,24,enhanced/post-hoc SARIMA robustness analysis
Austria,2024-08-12,sarima_p3_d0_q0_P0_D1_Q0_s24,3,3,0,0,0,1,0,24,n,2024-08-11T08:00:00+02:00,2024-08-11T06:00:00+00:00,2024-08-11T06:00:00+00:00,24,enhanced/post-hoc SARIMA robustness analysis
Austria,2024-08-12,sarima_p1_d0_q1_P0_D1_Q0_s24,4,1,0,1,0,1,0,24,n,2024-08-11T08:00:00+02:00,2024-08-11T06:00:00+00:00,2024-08-11T06:00:00+00:00,24,enhanced/post-hoc SARIMA robustness analysis
Austria,2024-08-12,sarima_p2_d0_q1_P0_D1_Q0_s24,5,2,0,1,0,1,0,24,n,2024-08-11T08:00:00+02:00,2024-08-11T06:00:00+00:00,2024-08-11T06:00:00+00:00,24,enhanced/post-hoc SARIMA robustness analysis
Austria,2024-08-12,sarima_p1_d0_q2_P0_D1_Q0_s24,6,1,0,2,0,1,0,24,n,2024-08-11T08:00:00+02:00,2024-08-11T06:00:00+00:00,2024-08-11T06:00:00+00:00,24,enhanced/post-hoc SARIMA robustness analysis
Austria,2024-08-12,sarima_p2_d0_q2_P0_D1_Q0_s24,7,2,0,2,0,1,0,24,n,2024-08-11T08:00:00+02:00,2024-08-11T06:00:00+00:00,2024-08-11T06:00:00+00:00,24,enhanced/post-hoc SARIMA robustness analysis
Austria,2024-08-12,sarima_p1_d0_q0_P1_D1_Q0_s24,8,1,0,0,1,1,0,24,n,2024-08-11T08:00:00+02:00,2024-08-11T06:00:00+00:00,2024-08-11T06:00:00+00:00,24,enhanced/post-hoc SARIMA robustness analysis
Austria,2024-08-12,sarima_p1_d0_q1_P1_D1_Q0_s24,9,1,0,1,1,1,0,24,n,2024-08-11T08:00:00+02:00,2024-08-11T06:00:00+00:00,2024-08-11T06:00:00+00:00,24,enhanced/post-hoc SARIMA robustness analysis
Austria,2024-08-12,sarima_p2_d0_q0_P1_D1_Q0_s24,10,2,0,0,1,1,0,24,n,2024-08-11T08:00:00+02:00,2024-08-11T06:00:00+00:00,2024-08-11T06:00:00+00:00,24,enhanced/post-hoc SARIMA robustness analysis
Austria,2024-08-12,sarima_p2_d0_q1_P1_D1_Q0_s24,11,2,0,1,1,1,0,24,n,2024-08-11T08:00:00+02:00,2024-08-11T06:00:00+00:00,2024-08-11T06:00:00+00:00,24,enhanced/post-hoc SARIMA robustness analysis
Austria,2024-08-12,sarima_p1_d0_q1_P0_D1_Q1_s24,12,1,0,1,0,1,1,24,n,2024-08-11T08:00:00+02:00,2024-08-11T06:00:00+00:00,2024-08-11T06:00:00+00:00,24,enhanced/post-hoc SARIMA robustness analysis
Austria,2024-09-21,sarima_p1_d0_q0_P0_D1_Q0_s24,1,1,0,0,0,1,0,24,n,2024-09-20T08:00:00+02:00,2024-09-20T06:00:00+00:00,2024-09-20T06:00:00+00:00,24,enhanced/post-hoc SARIMA robustness analysis
Austria,2024-09-21,sarima_p2_d0_q0_P0_D1_Q0_s24,2,2,0,0,0,1,0,24,n,2024-09-20T08:00:00+02:00,2024-09-20T06:00:00+00:00,2024-09-20T06:00:00+00:00,24,enhanced/post-hoc SARIMA robustness analysis
Austria,2024-09-21,sarima_p3_d0_q0_P0_D1_Q0_s24,3,3,0,0,0,1,0,24,n,2024-09-20T08:00:00+02:00,2024-09-20T06:00:00+00:00,2024-09-20T06:00:00+00:00,24,enhanced/post-hoc SARIMA robustness analysis
Austria,2024-09-21,sarima_p1_d0_q1_P0_D1_Q0_s24,4,1,0,1,0,1,0,24,n,2024-09-20T08:00:00+02:00,2024-09-20T06:00:00+00:00,2024-09-20T06:00:00+00:00,24,enhanced/post-hoc SARIMA robustness analysis
Austria,2024-09-21,sarima_p2_d0_q1_P0_D1_Q0_s24,5,2,0,1,0,1,0,24,n,2024-09-20T08:00:00+02:00,2024-09-20T06:00:00+00:00,2024-09-20T06:00:00+00:00,24,enhanced/post-hoc SARIMA robustness analysis
Austria,2024-09-21,sarima_p1_d0_q2_P0_D1_Q0_s24,6,1,0,2,0,1,0,24,n,2024-09-20T08:00:00+02:00,2024-09-20T06:00:00+00:00,2024-09-20T06:00:00+00:00,24,enhanced/post-hoc SARIMA robustness analysis
Austria,2024-09-21,sarima_p2_d0_q2_P0_D1_Q0_s24,7,2,0,2,0,1,0,24,n,2024-09-20T08:00:00+02:00,2024-09-20T06:00:00+00:00,2024-09-20T06:00:00+00:00,24,enhanced/post-hoc SARIMA robustness analysis
Austria,2024-09-21,sarima_p1_d0_q0_P1_D1_Q0_s24,8,1,0,0,1,1,0,24,n,2024-09-20T08:00:00+02:00,2024-09-20T06:00:00+00:00,2024-09-20T06:00:00+00:00,24,enhanced/post-hoc SARIMA robustness analysis
Austria,2024-09-21,sarima_p1_d0_q1_P1_D1_Q0_s24,9,1,0,1,1,1,0,24,n,2024-09-20T08:00:00+02:00,2024-09-20T06:00:00+00:00,2024-09-20T06:00:00+00:00,24,enhanced/post-hoc SARIMA robustness analysis
Austria,2024-09-21,sarima_p2_d0_q0_P1_D1_Q0_s24,10,2,0,0,1,1,0,24,n,2024-09-20T08:00:00+02:00,2024-09-20T06:00:00+00:00,2024-09-20T06:00:00+00:00,24,enhanced/post-hoc SARIMA robustness analysis
Austria,2024-09-21,sarima_p2_d0_q1_P1_D1_Q0_s24,11,2,0,1,1,1,0,24,n,2024-09-20T08:00:00+02:00,2024-09-20T06:00:00+00:00,2024-09-20T06:00:00+00:00,24,enhanced/post-hoc SARIMA robustness analysis
Austria,2024-09-21,sarima_p1_d0_q1_P0_D1_Q1_s24,12,1,0,1,0,1,1,24,n,2024-09-20T08:00:00+02:00,2024-09-20T06:00:00+00:00,2024-09-20T06:00:00+00:00,24,enhanced/post-hoc SARIMA robustness analysis
Austria,2024-10-27,sarima_p1_d0_q0_P0_D1_Q0_s24,1,1,0,0,0,1,0,24,n,2024-10-26T08:00:00+02:00,2024-10-26T06:00:00+00:00,2024-10-26T06:00:00+00:00,25,enhanced/post-hoc SARIMA robustness analysis
Austria,2024-10-27,sarima_p2_d0_q0_P0_D1_Q0_s24,2,2,0,0,0,1,0,24,n,2024-10-26T08:00:00+02:00,2024-10-26T06:00:00+00:00,2024-10-26T06:00:00+00:00,25,enhanced/post-hoc SARIMA robustness analysis
Austria,2024-10-27,sarima_p3_d0_q0_P0_D1_Q0_s24,3,3,0,0,0,1,0,24,n,2024-10-26T08:00:00+02:00,2024-10-26T06:00:00+00:00,2024-10-26T06:00:00+00:00,25,enhanced/post-hoc SARIMA robustness analysis
Austria,2024-10-27,sarima_p1_d0_q1_P0_D1_Q0_s24,4,1,0,1,0,1,0,24,n,2024-10-26T08:00:00+02:00,2024-10-26T06:00:00+00:00,2024-10-26T06:00:00+00:00,25,enhanced/post-hoc SARIMA robustness analysis
Austria,2024-10-27,sarima_p2_d0_q1_P0_D1_Q0_s24,5,2,0,1,0,1,0,24,n,2024-10-26T08:00:00+02:00,2024-10-26T06:00:00+00:00,2024-10-26T06:00:00+00:00,25,enhanced/post-hoc SARIMA robustness analysis
Austria,2024-10-27,sarima_p1_d0_q2_P0_D1_Q0_s24,6,1,0,2,0,1,0,24,n,2024-10-26T08:00:00+02:00,2024-10-26T06:00:00+00:00,2024-10-26T06:00:00+00:00,25,enhanced/post-hoc SARIMA robustness analysis
Austria,2024-10-27,sarima_p2_d0_q2_P0_D1_Q0_s24,7,2,0,2,0,1,0,24,n,2024-10-26T08:00:00+02:00,2024-10-26T06:00:00+00:00,2024-10-26T06:00:00+00:00,25,enhanced/post-hoc SARIMA robustness analysis
Austria,2024-10-27,sarima_p1_d0_q0_P1_D1_Q0_s24,8,1,0,0,1,1,0,24,n,2024-10-26T08:00:00+02:00,2024-10-26T06:00:00+00:00,2024-10-26T06:00:00+00:00,25,enhanced/post-hoc SARIMA robustness analysis
Austria,2024-10-27,sarima_p1_d0_q1_P1_D1_Q0_s24,9,1,0,1,1,1,0,24,n,2024-10-26T08:00:00+02:00,2024-10-26T06:00:00+00:00,2024-10-26T06:00:00+00:00,25,enhanced/post-hoc SARIMA robustness analysis
Austria,2024-10-27,sarima_p2_d0_q0_P1_D1_Q0_s24,10,2,0,0,1,1,0,24,n,2024-10-26T08:00:00+02:00,2024-10-26T06:00:00+00:00,2024-10-26T06:00:00+00:00,25,enhanced/post-hoc SARIMA robustness analysis
Austria,2024-10-27,sarima_p2_d0_q1_P1_D1_Q0_s24,11,2,0,1,1,1,0,24,n,2024-10-26T08:00:00+02:00,2024-10-26T06:00:00+00:00,2024-10-26T06:00:00+00:00,25,enhanced/post-hoc SARIMA robustness analysis
Austria,2024-10-27,sarima_p1_d0_q1_P0_D1_Q1_s24,12,1,0,1,0,1,1,24,n,2024-10-26T08:00:00+02:00,2024-10-26T06:00:00+00:00,2024-10-26T06:00:00+00:00,25,enhanced/post-hoc SARIMA robustness analysis
Austria,2024-11-11,sarima_p1_d0_q0_P0_D1_Q0_s24,1,1,0,0,0,1,0,24,n,2024-11-10T08:00:00+01:00,2024-11-10T07:00:00+00:00,2024-11-10T07:00:00+00:00,24,enhanced/post-hoc SARIMA robustness analysis
Austria,2024-11-11,sarima_p2_d0_q0_P0_D1_Q0_s24,2,2,0,0,0,1,0,24,n,2024-11-10T08:00:00+01:00,2024-11-10T07:00:00+00:00,2024-11-10T07:00:00+00:00,24,enhanced/post-hoc SARIMA robustness analysis
Austria,2024-11-11,sarima_p3_d0_q0_P0_D1_Q0_s24,3,3,0,0,0,1,0,24,n,2024-11-10T08:00:00+01:00,2024-11-10T07:00:00+00:00,2024-11-10T07:00:00+00:00,24,enhanced/post-hoc SARIMA robustness analysis
Austria,2024-11-11,sarima_p1_d0_q1_P0_D1_Q0_s24,4,1,0,1,0,1,0,24,n,2024-11-10T08:00:00+01:00,2024-11-10T07:00:00+00:00,2024-11-10T07:00:00+00:00,24,enhanced/post-hoc SARIMA robustness analysis
Austria,2024-11-11,sarima_p2_d0_q1_P0_D1_Q0_s24,5,2,0,1,0,1,0,24,n,2024-11-10T08:00:00+01:00,2024-11-10T07:00:00+00:00,2024-11-10T07:00:00+00:00,24,enhanced/post-hoc SARIMA robustness analysis
Austria,2024-11-11,sarima_p1_d0_q2_P0_D1_Q0_s24,6,1,0,2,0,1,0,24,n,2024-11-10T08:00:00+01:00,2024-11-10T07:00:00+00:00,2024-11-10T07:00:00+00:00,24,enhanced/post-hoc SARIMA robustness analysis
Austria,2024-11-11,sarima_p2_d0_q2_P0_D1_Q0_s24,7,2,0,2,0,1,0,24,n,2024-11-10T08:00:00+01:00,2024-11-10T07:00:00+00:00,2024-11-10T07:00:00+00:00,24,enhanced/post-hoc SARIMA robustness analysis
Austria,2024-11-11,sarima_p1_d0_q0_P1_D1_Q0_s24,8,1,0,0,1,1,0,24,n,2024-11-10T08:00:00+01:00,2024-11-10T07:00:00+00:00,2024-11-10T07:00:00+00:00,24,enhanced/post-hoc SARIMA robustness analysis
Austria,2024-11-11,sarima_p1_d0_q1_P1_D1_Q0_s24,9,1,0,1,1,1,0,24,n,2024-11-10T08:00:00+01:00,2024-11-10T07:00:00+00:00,2024-11-10T07:00:00+00:00,24,enhanced/post-hoc SARIMA robustness analysis
Austria,2024-11-11,sarima_p2_d0_q0_P1_D1_Q0_s24,10,2,0,0,1,1,0,24,n,2024-11-10T08:00:00+01:00,2024-11-10T07:00:00+00:00,2024-11-10T07:00:00+00:00,24,enhanced/post-hoc SARIMA robustness analysis
Austria,2024-11-11,sarima_p2_d0_q1_P1_D1_Q0_s24,11,2,0,1,1,1,0,24,n,2024-11-10T08:00:00+01:00,2024-11-10T07:00:00+00:00,2024-11-10T07:00:00+00:00,24,enhanced/post-hoc SARIMA robustness analysis
Austria,2024-11-11,sarima_p1_d0_q1_P0_D1_Q1_s24,12,1,0,1,0,1,1,24,n,2024-11-10T08:00:00+01:00,2024-11-10T07:00:00+00:00,2024-11-10T07:00:00+00:00,24,enhanced/post-hoc SARIMA robustness analysis
Austria,2024-11-23,sarima_p1_d0_q0_P0_D1_Q0_s24,1,1,0,0,0,1,0,24,n,2024-11-22T08:00:00+01:00,2024-11-22T07:00:00+00:00,2024-11-22T07:00:00+00:00,24,enhanced/post-hoc SARIMA robustness analysis
Austria,2024-11-23,sarima_p2_d0_q0_P0_D1_Q0_s24,2,2,0,0,0,1,0,24,n,2024-11-22T08:00:00+01:00,2024-11-22T07:00:00+00:00,2024-11-22T07:00:00+00:00,24,enhanced/post-hoc SARIMA robustness analysis
Austria,2024-11-23,sarima_p3_d0_q0_P0_D1_Q0_s24,3,3,0,0,0,1,0,24,n,2024-11-22T08:00:00+01:00,2024-11-22T07:00:00+00:00,2024-11-22T07:00:00+00:00,24,enhanced/post-hoc SARIMA robustness analysis
Austria,2024-11-23,sarima_p1_d0_q1_P0_D1_Q0_s24,4,1,0,1,0,1,0,24,n,2024-11-22T08:00:00+01:00,2024-11-22T07:00:00+00:00,2024-11-22T07:00:00+00:00,24,enhanced/post-hoc SARIMA robustness analysis
Austria,2024-11-23,sarima_p2_d0_q1_P0_D1_Q0_s24,5,2,0,1,0,1,0,24,n,2024-11-22T08:00:00+01:00,2024-11-22T07:00:00+00:00,2024-11-22T07:00:00+00:00,24,enhanced/post-hoc SARIMA robustness analysis
Austria,2024-11-23,sarima_p1_d0_q2_P0_D1_Q0_s24,6,1,0,2,0,1,0,24,n,2024-11-22T08:00:00+01:00,2024-11-22T07:00:00+00:00,2024-11-22T07:00:00+00:00,24,enhanced/post-hoc SARIMA robustness analysis
Austria,2024-11-23,sarima_p2_d0_q2_P0_D1_Q0_s24,7,2,0,2,0,1,0,24,n,2024-11-22T08:00:00+01:00,2024-11-22T07:00:00+00:00,2024-11-22T07:00:00+00:00,24,enhanced/post-hoc SARIMA robustness analysis
Austria,2024-11-23,sarima_p1_d0_q0_P1_D1_Q0_s24,8,1,0,0,1,1,0,24,n,2024-11-22T08:00:00+01:00,2024-11-22T07:00:00+00:00,2024-11-22T07:00:00+00:00,24,enhanced/post-hoc SARIMA robustness analysis
Austria,2024-11-23,sarima_p1_d0_q1_P1_D1_Q0_s24,9,1,0,1,1,1,0,24,n,2024-11-22T08:00:00+01:00,2024-11-22T07:00:00+00:00,2024-11-22T07:00:00+00:00,24,enhanced/post-hoc SARIMA robustness analysis
Austria,2024-11-23,sarima_p2_d0_q0_P1_D1_Q0_s24,10,2,0,0,1,1,0,24,n,2024-11-22T08:00:00+01:00,2024-11-22T07:00:00+00:00,2024-11-22T07:00:00+00:00,24,enhanced/post-hoc SARIMA robustness analysis
Austria,2024-11-23,sarima_p2_d0_q1_P1_D1_Q0_s24,11,2,0,1,1,1,0,24,n,2024-11-22T08:00:00+01:00,2024-11-22T07:00:00+00:00,2024-11-22T07:00:00+00:00,24,enhanced/post-hoc SARIMA robustness analysis
Austria,2024-11-23,sarima_p1_d0_q1_P0_D1_Q1_s24,12,1,0,1,0,1,1,24,n,2024-11-22T08:00:00+01:00,2024-11-22T07:00:00+00:00,2024-11-22T07:00:00+00:00,24,enhanced/post-hoc SARIMA robustness analysis
Austria,2024-12-08,sarima_p1_d0_q0_P0_D1_Q0_s24,1,1,0,0,0,1,0,24,n,2024-12-07T08:00:00+01:00,2024-12-07T07:00:00+00:00,2024-12-07T07:00:00+00:00,24,enhanced/post-hoc SARIMA robustness analysis
Austria,2024-12-08,sarima_p2_d0_q0_P0_D1_Q0_s24,2,2,0,0,0,1,0,24,n,2024-12-07T08:00:00+01:00,2024-12-07T07:00:00+00:00,2024-12-07T07:00:00+00:00,24,enhanced/post-hoc SARIMA robustness analysis
Austria,2024-12-08,sarima_p3_d0_q0_P0_D1_Q0_s24,3,3,0,0,0,1,0,24,n,2024-12-07T08:00:00+01:00,2024-12-07T07:00:00+00:00,2024-12-07T07:00:00+00:00,24,enhanced/post-hoc SARIMA robustness analysis
Austria,2024-12-08,sarima_p1_d0_q1_P0_D1_Q0_s24,4,1,0,1,0,1,0,24,n,2024-12-07T08:00:00+01:00,2024-12-07T07:00:00+00:00,2024-12-07T07:00:00+00:00,24,enhanced/post-hoc SARIMA robustness analysis
Austria,2024-12-08,sarima_p2_d0_q1_P0_D1_Q0_s24,5,2,0,1,0,1,0,24,n,2024-12-07T08:00:00+01:00,2024-12-07T07:00:00+00:00,2024-12-07T07:00:00+00:00,24,enhanced/post-hoc SARIMA robustness analysis
Austria,2024-12-08,sarima_p1_d0_q2_P0_D1_Q0_s24,6,1,0,2,0,1,0,24,n,2024-12-07T08:00:00+01:00,2024-12-07T07:00:00+00:00,2024-12-07T07:00:00+00:00,24,enhanced/post-hoc SARIMA robustness analysis
Austria,2024-12-08,sarima_p2_d0_q2_P0_D1_Q0_s24,7,2,0,2,0,1,0,24,n,2024-12-07T08:00:00+01:00,2024-12-07T07:00:00+00:00,2024-12-07T07:00:00+00:00,24,enhanced/post-hoc SARIMA robustness analysis
Austria,2024-12-08,sarima_p1_d0_q0_P1_D1_Q0_s24,8,1,0,0,1,1,0,24,n,2024-12-07T08:00:00+01:00,2024-12-07T07:00:00+00:00,2024-12-07T07:00:00+00:00,24,enhanced/post-hoc SARIMA robustness analysis
Austria,2024-12-08,sarima_p1_d0_q1_P1_D1_Q0_s24,9,1,0,1,1,1,0,24,n,2024-12-07T08:00:00+01:00,2024-12-07T07:00:00+00:00,2024-12-07T07:00:00+00:00,24,enhanced/post-hoc SARIMA robustness analysis
Austria,2024-12-08,sarima_p2_d0_q0_P1_D1_Q0_s24,10,2,0,0,1,1,0,24,n,2024-12-07T08:00:00+01:00,2024-12-07T07:00:00+00:00,2024-12-07T07:00:00+00:00,24,enhanced/post-hoc SARIMA robustness analysis
Austria,2024-12-08,sarima_p2_d0_q1_P1_D1_Q0_s24,11,2,0,1,1,1,0,24,n,2024-12-07T08:00:00+01:00,2024-12-07T07:00:00+00:00,2024-12-07T07:00:00+00:00,24,enhanced/post-hoc SARIMA robustness analysis
Austria,2024-12-08,sarima_p1_d0_q1_P0_D1_Q1_s24,12,1,0,1,0,1,1,24,n,2024-12-07T08:00:00+01:00,2024-12-07T07:00:00+00:00,2024-12-07T07:00:00+00:00,24,enhanced/post-hoc SARIMA robustness analysis
Austria,2024-12-16,sarima_p1_d0_q0_P0_D1_Q0_s24,1,1,0,0,0,1,0,24,n,2024-12-15T08:00:00+01:00,2024-12-15T07:00:00+00:00,2024-12-15T07:00:00+00:00,24,enhanced/post-hoc SARIMA robustness analysis
Austria,2024-12-16,sarima_p2_d0_q0_P0_D1_Q0_s24,2,2,0,0,0,1,0,24,n,2024-12-15T08:00:00+01:00,2024-12-15T07:00:00+00:00,2024-12-15T07:00:00+00:00,24,enhanced/post-hoc SARIMA robustness analysis
Austria,2024-12-16,sarima_p3_d0_q0_P0_D1_Q0_s24,3,3,0,0,0,1,0,24,n,2024-12-15T08:00:00+01:00,2024-12-15T07:00:00+00:00,2024-12-15T07:00:00+00:00,24,enhanced/post-hoc SARIMA robustness analysis
Austria,2024-12-16,sarima_p1_d0_q1_P0_D1_Q0_s24,4,1,0,1,0,1,0,24,n,2024-12-15T08:00:00+01:00,2024-12-15T07:00:00+00:00,2024-12-15T07:00:00+00:00,24,enhanced/post-hoc SARIMA robustness analysis
Austria,2024-12-16,sarima_p2_d0_q1_P0_D1_Q0_s24,5,2,0,1,0,1,0,24,n,2024-12-15T08:00:00+01:00,2024-12-15T07:00:00+00:00,2024-12-15T07:00:00+00:00,24,enhanced/post-hoc SARIMA robustness analysis
Austria,2024-12-16,sarima_p1_d0_q2_P0_D1_Q0_s24,6,1,0,2,0,1,0,24,n,2024-12-15T08:00:00+01:00,2024-12-15T07:00:00+00:00,2024-12-15T07:00:00+00:00,24,enhanced/post-hoc SARIMA robustness analysis
Austria,2024-12-16,sarima_p2_d0_q2_P0_D1_Q0_s24,7,2,0,2,0,1,0,24,n,2024-12-15T08:00:00+01:00,2024-12-15T07:00:00+00:00,2024-12-15T07:00:00+00:00,24,enhanced/post-hoc SARIMA robustness analysis
Austria,2024-12-16,sarima_p1_d0_q0_P1_D1_Q0_s24,8,1,0,0,1,1,0,24,n,2024-12-15T08:00:00+01:00,2024-12-15T07:00:00+00:00,2024-12-15T07:00:00+00:00,24,enhanced/post-hoc SARIMA robustness analysis
Austria,2024-12-16,sarima_p1_d0_q1_P1_D1_Q0_s24,9,1,0,1,1,1,0,24,n,2024-12-15T08:00:00+01:00,2024-12-15T07:00:00+00:00,2024-12-15T07:00:00+00:00,24,enhanced/post-hoc SARIMA robustness analysis
Austria,2024-12-16,sarima_p2_d0_q0_P1_D1_Q0_s24,10,2,0,0,1,1,0,24,n,2024-12-15T08:00:00+01:00,2024-12-15T07:00:00+00:00,2024-12-15T07:00:00+00:00,24,enhanced/post-hoc SARIMA robustness analysis
Austria,2024-12-16,sarima_p2_d0_q1_P1_D1_Q0_s24,11,2,0,1,1,1,0,24,n,2024-12-15T08:00:00+01:00,2024-12-15T07:00:00+00:00,2024-12-15T07:00:00+00:00,24,enhanced/post-hoc SARIMA robustness analysis
Austria,2024-12-16,sarima_p1_d0_q1_P0_D1_Q1_s24,12,1,0,1,0,1,1,24,n,2024-12-15T08:00:00+01:00,2024-12-15T07:00:00+00:00,2024-12-15T07:00:00+00:00,24,enhanced/post-hoc SARIMA robustness analysis
Austria,2024-12-27,sarima_p1_d0_q0_P0_D1_Q0_s24,1,1,0,0,0,1,0,24,n,2024-12-26T08:00:00+01:00,2024-12-26T07:00:00+00:00,2024-12-26T07:00:00+00:00,24,enhanced/post-hoc SARIMA robustness analysis
Austria,2024-12-27,sarima_p2_d0_q0_P0_D1_Q0_s24,2,2,0,0,0,1,0,24,n,2024-12-26T08:00:00+01:00,2024-12-26T07:00:00+00:00,2024-12-26T07:00:00+00:00,24,enhanced/post-hoc SARIMA robustness analysis
Austria,2024-12-27,sarima_p3_d0_q0_P0_D1_Q0_s24,3,3,0,0,0,1,0,24,n,2024-12-26T08:00:00+01:00,2024-12-26T07:00:00+00:00,2024-12-26T07:00:00+00:00,24,enhanced/post-hoc SARIMA robustness analysis
Austria,2024-12-27,sarima_p1_d0_q1_P0_D1_Q0_s24,4,1,0,1,0,1,0,24,n,2024-12-26T08:00:00+01:00,2024-12-26T07:00:00+00:00,2024-12-26T07:00:00+00:00,24,enhanced/post-hoc SARIMA robustness analysis
Austria,2024-12-27,sarima_p2_d0_q1_P0_D1_Q0_s24,5,2,0,1,0,1,0,24,n,2024-12-26T08:00:00+01:00,2024-12-26T07:00:00+00:00,2024-12-26T07:00:00+00:00,24,enhanced/post-hoc SARIMA robustness analysis
Austria,2024-12-27,sarima_p1_d0_q2_P0_D1_Q0_s24,6,1,0,2,0,1,0,24,n,2024-12-26T08:00:00+01:00,2024-12-26T07:00:00+00:00,2024-12-26T07:00:00+00:00,24,enhanced/post-hoc SARIMA robustness analysis
Austria,2024-12-27,sarima_p2_d0_q2_P0_D1_Q0_s24,7,2,0,2,0,1,0,24,n,2024-12-26T08:00:00+01:00,2024-12-26T07:00:00+00:00,2024-12-26T07:00:00+00:00,24,enhanced/post-hoc SARIMA robustness analysis
Austria,2024-12-27,sarima_p1_d0_q0_P1_D1_Q0_s24,8,1,0,0,1,1,0,24,n,2024-12-26T08:00:00+01:00,2024-12-26T07:00:00+00:00,2024-12-26T07:00:00+00:00,24,enhanced/post-hoc SARIMA robustness analysis
Austria,2024-12-27,sarima_p1_d0_q1_P1_D1_Q0_s24,9,1,0,1,1,1,0,24,n,2024-12-26T08:00:00+01:00,2024-12-26T07:00:00+00:00,2024-12-26T07:00:00+00:00,24,enhanced/post-hoc SARIMA robustness analysis
Austria,2024-12-27,sarima_p2_d0_q0_P1_D1_Q0_s24,10,2,0,0,1,1,0,24,n,2024-12-26T08:00:00+01:00,2024-12-26T07:00:00+00:00,2024-12-26T07:00:00+00:00,24,enhanced/post-hoc SARIMA robustness analysis
Austria,2024-12-27,sarima_p2_d0_q1_P1_D1_Q0_s24,11,2,0,1,1,1,0,24,n,2024-12-26T08:00:00+01:00,2024-12-26T07:00:00+00:00,2024-12-26T07:00:00+00:00,24,enhanced/post-hoc SARIMA robustness analysis
Austria,2024-12-27,sarima_p1_d0_q1_P0_D1_Q1_s24,12,1,0,1,0,1,1,24,n,2024-12-26T08:00:00+01:00,2024-12-26T07:00:00+00:00,2024-12-26T07:00:00+00:00,24,enhanced/post-hoc SARIMA robustness analysis
