country,target_date,preferred_date,date_selection_reason,category,forecast_origin_local,forecast_origin_utc,information_cutoff_utc,expected_observations,branch,specification_id,specification_order,p,d,q,trend,transform,weekly_invalid,weekly_invalid_reason,verified_reuse,reuse_status,artifact_source,source_artifact_path,source_job_path,source_forecasts_path,reuse_verified,fit_status,convergence_status,converged,parameters_finite,standard_errors_finite,stationarity_ok,invertibility_ok,nobs,n_params,log_likelihood,aic,aicc,bic,ar_root_minimum,ma_root_minimum,warning_messages,hard_warning_messages,optimizer_retry_count,residual_n_effective,residual_rejected,residual_rejection_reason,residual_acf_values,residual_acf_flagged_lags,residual_ljung_box_statistics,residual_ljung_box_pvalues,error_message,mae,rmse,mape,evaluated_observations,coverage,status
Germany,2024-02-15,2024-02-15,preferred date is derived-valid,benchmark,2024-02-14T18:00:00+01:00,2024-02-14T17:00:00+00:00,2024-02-14T17:00:00+00:00,24,ordinary,enhanced_ordinary_arima_p1_d1_q2,2,1,1,2,n,identity,False,,False,,,,,,False,success,converged,True,True,True,True,True,1266,4,-11025.716592323306,22059.433184646612,22059.464905503075,22080.004494251258,2.594157770591197,1.8167676226119986,"[""DeprecationWarning: Setting the shape on a NumPy array has been deprecated in NumPy 2.5.\nAs an alternative, you can create a new view using np.reshape (with copy=False if needed).""]",[],0,1242,True,joint Ljung-Box and residual ACF rule,"{""1"": 0.18170972999624183, ""2"": 0.07944892877750759, ""3"": 0.024504829071392124, ""4"": -0.034934538709666355, ""5"": -0.009264827546346093, ""6"": -0.13274742801375017, ""7"": -0.1913922770652358, ""8"": -0.1472386352349523, ""9"": -0.10846614943042651, ""10"": -0.06387349338269563, ""11"": 0.015024775306859667, ""12"": -0.14274775160609346, ""13"": 0.05197512437525791, ""14"": -0.06922877919565766, ""15"": -0.13416215668030862, ""16"": -0.14393511520990873, ""17"": -0.1997127216246053, ""18"": -0.14508507099998558, ""19"": 0.0037976977683211234, ""20"": -0.002459436676733808, ""21"": 0.02630779195616829, ""22"": 0.06627050700674296, ""23"": 0.2566945841297057, ""24"": 0.7062407072534076, ""25"": 0.24313746308469977, ""26"": 0.1123931493140004, ""27"": -0.005170361623565688, ""28"": -0.008038769030163328, ""29"": -0.0099782429234835, ""30"": -0.13273733678880598, ""31"": -0.20388605775517332, ""32"": -0.12606078941594712, ""33"": -0.08275336443097385, ""34"": -0.07710984500859473, ""35"": -0.0006699224188304467, ""36"": -0.12398121401825482, ""37"": 0.029921244222360487, ""38"": -0.06099687896898113, ""39"": -0.11719423400316269, ""40"": -0.12830001737671237, ""41"": -0.21355745163726705, ""42"": -0.14175626924310258, ""43"": 0.025088545086959717, ""44"": 0.006248622750493129, ""45"": 0.029859798020576683, ""46"": 0.11618502124885359, ""47"": 0.20250230787236972, ""48"": 0.6098733088950593}","[1, 2, 6, 7, 8, 9, 12, 15, 16, 17, 18, 23, 24, 25, 26, 30, 31, 32, 33, 34, 36, 39, 40, 41, 42, 46, 47, 48]","{""24"": 1049.849409251802, ""48"": 1956.0690387937962}","{""24"": 6.646586958970872e-209, ""48"": 0.0}",,12647.629937091033,14638.523790932957,23.873098579100034,24,1.0,completed
Germany,2024-03-31,2024-03-31,preferred date is derived-valid,benchmark,2024-03-30T18:00:00+01:00,2024-03-30T17:00:00+00:00,2024-03-30T17:00:00+00:00,23,ordinary,enhanced_ordinary_arima_p1_d1_q2,2,1,1,2,n,identity,False,,False,,,,,,False,success,converged,True,True,True,True,True,2346,4,-20332.12936856567,40672.25873713134,40672.27582384642,40695.29889985486,2.2605731310232957,1.9438597360305945,"[""DeprecationWarning: Setting the shape on a NumPy array has been deprecated in NumPy 2.5.\nAs an alternative, you can create a new view using np.reshape (with copy=False if needed).""]",[],0,2322,True,joint Ljung-Box and residual ACF rule,"{""1"": 0.09395149463885205, ""2"": 0.05202665487532745, ""3"": 0.023148657238481828, ""4"": -0.023237809479672758, ""5"": -0.05408797474078577, ""6"": -0.14856471262734686, ""7"": -0.15072891431252036, ""8"": -0.12178849092561407, ""9"": -0.0946651599332293, ""10"": -0.08161508016252357, ""11"": 0.0406507573447951, ""12"": 0.00440164875513418, ""13"": 0.07885310099279408, ""14"": -0.09695346126984654, ""15"": -0.11660059521448864, ""16"": -0.12459920511731853, ""17"": -0.1623974242407028, ""18"": -0.15357439623772884, ""19"": -0.05102009682264098, ""20"": 0.0035124967202286245, ""21"": 0.02981225137769906, ""22"": 0.038107021783341896, ""23"": 0.18618753490666862, ""24"": 0.715829737216218, ""25"": 0.17853028692815073, ""26"": 0.06674795502557197, ""27"": 0.00967391463641773, ""28"": -0.009202607539713931, ""29"": -0.04800962103837384, ""30"": -0.14854003408524633, ""31"": -0.1682743251407282, ""32"": -0.10088473485623523, ""33"": -0.08023925715106613, ""34"": -0.09100629457645172, ""35"": 0.026987049218441236, ""36"": 0.020046312468015047, ""37"": 0.05862099659090098, ""38"": -0.0923036324702958, ""39"": -0.10186933202114944, ""40"": -0.11207214758790654, ""41"": -0.17186567711139927, ""42"": -0.15713531894256944, ""43"": -0.032519170955503086, ""44"": 0.0026725630340112654, ""45"": 0.03571891287428385, ""46"": 0.07287678637121939, ""47"": 0.16197849946485104, ""48"": 0.6100408801176016}","[1, 5, 6, 7, 8, 9, 10, 13, 14, 15, 16, 17, 18, 23, 24, 25, 26, 30, 31, 32, 33, 34, 37, 38, 39, 40, 41, 42, 46, 47, 48]","{""24"": 1733.3670934214588, ""48"": 3178.869120310238}","{""24"": 0.0, ""48"": 0.0}",,21191.228329792273,21425.397095723,57.44279633934891,23,1.0,completed
Germany,2024-07-25,2024-07-25,preferred date is derived-valid,benchmark,2024-07-24T18:00:00+02:00,2024-07-24T16:00:00+00:00,2024-07-24T16:00:00+00:00,24,ordinary,enhanced_ordinary_arima_p1_d1_q2,2,1,1,2,n,identity,False,,False,,,,,,False,success,converged,True,True,True,True,True,5129,4,-44084.07785965373,88176.15571930746,88176.1635257087,88202.32560330186,1.9091079246340341,2.0339909101101474,"[""DeprecationWarning: Setting the shape on a NumPy array has been deprecated in NumPy 2.5.\nAs an alternative, you can create a new view using np.reshape (with copy=False if needed).""]",[],0,5105,True,joint Ljung-Box and residual ACF rule,"{""1"": 0.05044042637178367, ""2"": 0.035598895565976944, ""3"": 0.033125457651730694, ""4"": -0.030164293767937535, ""5"": -0.043750389759439616, ""6"": -0.13935034595020043, ""7"": -0.16947558290180442, ""8"": -0.12229080177622947, ""9"": -0.0729387497828557, ""10"": -0.06294363443706207, ""11"": 0.04589918861176049, ""12"": 0.02359160630269167, ""13"": 0.0810396486471535, ""14"": -0.07950069738241416, ""15"": -0.08494532426886012, ""16"": -0.1410766191203123, ""17"": -0.16261504559587012, ""18"": -0.16370448798569548, ""19"": -0.02592024937705704, ""20"": -0.016544009520652516, ""21"": 0.03868213896346521, ""22"": 0.037676212943753916, ""23"": 0.1706604781975751, ""24"": 0.651814421398336, ""25"": 0.16591640346681114, ""26"": 0.0630772463436295, ""27"": 0.011187369601229553, ""28"": -0.012416477052282951, ""29"": -0.041559105419576886, ""30"": -0.14357775891524932, ""31"": -0.18226155370703326, ""32"": -0.10529544812205237, ""33"": -0.06592788131787723, ""34"": -0.06501267764450518, ""35"": 0.04010971863112747, ""36"": 0.029291250530954587, ""37"": 0.06661072333220802, ""38"": -0.0718299681060278, ""39"": -0.0751940663722411, ""40"": -0.12432382791309032, ""41"": -0.17383765398643203, ""42"": -0.16401598209355472, ""43"": -0.02576343977513693, ""44"": -0.007389230998876607, ""45"": 0.04374090720878427, ""46"": 0.0693451372884088, ""47"": 0.1617983749062391, ""48"": 0.5488091618570027}","[1, 6, 7, 8, 9, 10, 13, 14, 15, 16, 17, 18, 23, 24, 25, 26, 30, 31, 32, 33, 34, 37, 38, 39, 40, 41, 42, 46, 47, 48]","{""24"": 3250.2973242244466, ""48"": 5990.826200595156}","{""24"": 0.0, ""48"": 0.0}",,5773.910549891315,8149.806847162943,13.011169376269095,24,1.0,completed
Germany,2024-11-03,2024-11-03,preferred date is derived-valid,benchmark,2024-11-02T18:00:00+01:00,2024-11-02T17:00:00+00:00,2024-11-02T17:00:00+00:00,24,ordinary,enhanced_ordinary_arima_p1_d1_q2,2,1,1,2,n,identity,False,,False,,,,,,False,success,converged,True,True,True,True,True,7554,4,-64754.6713814472,129517.3427628944,129517.34806160946,129545.06156335166,1.846871085501767,2.0069321652043417,"[""DeprecationWarning: Setting the shape on a NumPy array has been deprecated in NumPy 2.5.\nAs an alternative, you can create a new view using np.reshape (with copy=False if needed).""]",[],0,7530,True,joint Ljung-Box and residual ACF rule,"{""1"": 0.038393499457512796, ""2"": 0.030067555102112925, ""3"": 0.031348951347318535, ""4"": -0.03862268086396967, ""5"": -0.04573156677099638, ""6"": -0.12815801838591023, ""7"": -0.15491550919893696, ""8"": -0.13263105435487063, ""9"": -0.07613834927525079, ""10"": -0.07096903095885479, ""11"": 0.06171151829598172, ""12"": 0.04069302255655455, ""13"": 0.09079120331309529, ""14"": -0.08627971945673836, ""15"": -0.08163905865840614, ""16"": -0.15377680807995778, ""17"": -0.15194697352513808, ""18"": -0.14774565190574473, ""19"": -0.03423955743405626, ""20"": -0.0236331772001396, ""21"": 0.034946724947528075, ""22"": 0.03450719343755288, ""23"": 0.15670053959743924, ""24"": 0.6576224872787502, ""25"": 0.1562177556347326, ""26"": 0.05907094412832514, ""27"": 0.011265291279712044, ""28"": -0.01854705452475299, ""29"": -0.05014462775872291, ""30"": -0.12928591753504398, ""31"": -0.17244842954860387, ""32"": -0.11129811096801127, ""33"": -0.06737191777394155, ""34"": -0.0754319581725263, ""35"": 0.05884771755972281, ""36"": 0.04386429303711741, ""37"": 0.07505741618553508, ""38"": -0.07661538687822032, ""39"": -0.07536530824934187, ""40"": -0.13142997752828026, ""41"": -0.16681547505392477, ""42"": -0.14712984822413955, ""43"": -0.03796790312156196, ""44"": -0.016010154713667814, ""45"": 0.044219871854169444, ""46"": 0.06169067953046517, ""47"": 0.15248083917533908, ""48"": 0.557991262593719}","[6, 7, 8, 9, 10, 11, 13, 14, 15, 16, 17, 18, 23, 24, 25, 26, 29, 30, 31, 32, 33, 34, 35, 37, 38, 39, 40, 41, 42, 46, 47, 48]","{""24"": 4783.439608601822, ""48"": 8808.474893431998}","{""24"": 0.0, ""48"": 0.0}",,14692.700926435093,15728.090327286827,33.2761182376181,24,1.0,completed
Germany,2024-02-15,2024-02-15,preferred date is derived-valid,benchmark,2024-02-14T18:00:00+01:00,2024-02-14T17:00:00+00:00,2024-02-14T17:00:00+00:00,24,ordinary,enhanced_ordinary_arima_p1_d1_q1,1,1,1,1,n,identity,False,,False,,,,,,False,success,converged,True,True,True,True,True,1266,3,-11037.821076689037,22081.642153378074,22081.66117081072,22097.07063558156,1.7915656094658676,2.302181701443068,"[""DeprecationWarning: Setting the shape on a NumPy array has been deprecated in NumPy 2.5.\nAs an alternative, you can create a new view using np.reshape (with copy=False if needed).""]",[],0,1242,True,joint Ljung-Box and residual ACF rule,"{""1"": 0.22522589175314744, ""2"": 0.15316964187420581, ""3"": -0.09398770312995733, ""4"": -0.019305557282463175, ""5"": -0.04169485079082676, ""6"": -0.1416707342153683, ""7"": -0.19174669463976507, ""8"": -0.17902194805694457, ""9"": -0.08246397448689753, ""10"": -0.07272262168623106, ""11"": 0.0381193961400874, ""12"": -0.11078604770994183, ""13"": 0.06647675844373602, ""14"": -0.07015888248561467, ""15"": -0.10419078951531874, ""16"": -0.18522761902022233, ""17"": -0.2027501544434438, ""18"": -0.15157797924771566, ""19"": -0.017944696370700633, ""20"": -0.007385982595514764, ""21"": -0.035329534502734974, ""22"": 0.10714604276608015, ""23"": 0.28580926835811377, ""24"": 0.72267561456245, ""25"": 0.27925102810687913, ""26"": 0.14881918101427186, ""27"": -0.06757709700311751, ""28"": -0.008121618659217669, ""29"": -0.043001413558504537, ""30"": -0.139579582701604, ""31"": -0.20369078688874542, ""32"": -0.15463011461948536, ""33"": -0.0640693800621497, ""34"": -0.07612274548770313, ""35"": 0.017912278904999912, ""36"": -0.09906801688489612, ""37"": 0.0453015665599757, ""38"": -0.05594341249276017, ""39"": -0.09383089479590205, ""40"": -0.16724064356219462, ""41"": -0.21660043224251077, ""42"": -0.1465152271756257, ""43"": -0.006172426909312363, ""44"": 0.015071869807706875, ""45"": -0.01878027042906296, ""46"": 0.14253462163382827, ""47"": 0.23379020536151748, ""48"": 0.6245181117567163}","[1, 2, 3, 6, 7, 8, 9, 12, 15, 16, 17, 18, 22, 23, 24, 25, 26, 30, 31, 32, 34, 36, 39, 40, 41, 42, 46, 47, 48]","{""24"": 1181.7770913296558, ""48"": 2195.4152722598174}","{""24"": 3.4918679415825618e-236, ""48"": 0.0}",,12758.956822741451,14728.400876131567,24.06422915441976,24,1.0,completed
Germany,2024-03-31,2024-03-31,preferred date is derived-valid,benchmark,2024-03-30T18:00:00+01:00,2024-03-30T17:00:00+00:00,2024-03-30T17:00:00+00:00,23,ordinary,enhanced_ordinary_arima_p1_d1_q1,1,1,1,1,n,identity,False,,False,,,,,,False,success,converged,True,True,True,True,True,2346,3,-20367.47141594624,40740.94283189248,40740.95307954406,40758.22295393512,1.6603134337198289,2.129485376844772,"[""DeprecationWarning: Setting the shape on a NumPy array has been deprecated in NumPy 2.5.\nAs an alternative, you can create a new view using np.reshape (with copy=False if needed).""]",[],0,2322,True,joint Ljung-Box and residual ACF rule,"{""1"": 0.14025455368676645, ""2"": 0.11043629252743963, ""3"": -0.09667348830434934, ""4"": -0.007743868685100189, ""5"": -0.08497786701289879, ""6"": -0.15402385678832492, ""7"": -0.1586951295584726, ""8"": -0.14386565843349372, ""9"": -0.08363678475152102, ""10"": -0.07773906875389897, ""11"": 0.07242550730245041, ""12"": 0.03433285127317454, ""13"": 0.10484823745246173, ""14"": -0.08565818471322782, ""15"": -0.10481210155805812, ""16"": -0.15512957216941614, ""17"": -0.16968372428468065, ""18"": -0.16184575974898596, ""19"": -0.06849609050217344, ""20"": -0.0004012830451248031, ""21"": -0.041386559255702234, ""22"": 0.07334454258164198, ""23"": 0.21957457645747602, ""24"": 0.7267744676322342, ""25"": 0.2176006504847269, ""26"": 0.09752271446461692, ""27"": -0.061030661608399345, ""28"": -0.010724439632872913, ""29"": -0.07449185139138194, ""30"": -0.1563302637804829, ""31"": -0.17358007221342556, ""32"": -0.12287796185525163, ""33"": -0.07303073830675504, ""34"": -0.08026548304325251, ""35"": 0.05498760509228667, ""36"": 0.04502798258839735, ""37"": 0.08495880875591125, ""38"": -0.07745544881844728, ""39"": -0.09296293171736268, ""40"": -0.14155647512855007, ""41"": -0.178543852668115, ""42"": -0.1659340968800007, ""43"": -0.05435080194431152, ""44"": 0.003921202483221711, ""45"": -0.018774596838921673, ""46"": 0.0959804597102508, ""47"": 0.19529546153137578, ""48"": 0.6191346488459526}","[1, 2, 3, 5, 6, 7, 8, 9, 10, 11, 13, 14, 15, 16, 17, 18, 19, 22, 23, 24, 25, 26, 27, 29, 30, 31, 32, 33, 34, 35, 37, 38, 39, 40, 41, 42, 43, 46, 47, 48]","{""24"": 1955.2622386796104, ""48"": 3584.1744487919054}","{""24"": 0.0, ""48"": 0.0}",,22171.89646353109,22393.61616455085,60.06566878905863,23,1.0,completed
Germany,2024-07-25,2024-07-25,preferred date is derived-valid,benchmark,2024-07-24T18:00:00+02:00,2024-07-24T16:00:00+00:00,2024-07-24T16:00:00+00:00,24,ordinary,enhanced_ordinary_arima_p1_d1_q1,1,1,1,1,n,identity,False,,False,,,,,,False,success,converged,True,True,True,True,True,5129,3,-44161.80174225195,88329.6034845039,88329.60816743072,88349.2308974997,1.5212415759345428,2.6340293074955565,"[""DeprecationWarning: Setting the shape on a NumPy array has been deprecated in NumPy 2.5.\nAs an alternative, you can create a new view using np.reshape (with copy=False if needed).""]",[],0,5105,True,joint Ljung-Box and residual ACF rule,"{""1"": 0.09012788988940537, ""2"": 0.12221625527821778, ""3"": -0.0801565065811502, ""4"": -0.024886599418234057, ""5"": -0.07349151764827144, ""6"": -0.15854857674493716, ""7"": -0.17964364406072908, ""8"": -0.1485191370812862, ""9"": -0.0687220268521864, ""10"": -0.05383897975217805, ""11"": 0.08309021548724832, ""12"": 0.04806239219310556, ""13"": 0.113876373667025, ""14"": -0.06823678965894432, ""15"": -0.0755745344626135, ""16"": -0.17764094550550782, ""17"": -0.17183359895596712, ""18"": -0.184955387748759, ""19"": -0.043826341709387324, ""20"": -0.03177730268318234, ""21"": -0.012581550183670085, ""22"": 0.08228977452856152, ""23"": 0.20560374587134442, ""24"": 0.6639930431493023, ""25"": 0.2019632447897088, ""26"": 0.10801987455596479, ""27"": -0.04396758550727575, ""28"": -0.02239788749625649, ""29"": -0.071118692933119, ""30"": -0.1604531443068316, ""31"": -0.1928243066196725, ""32"": -0.131408850763575, ""33"": -0.06369947585726356, ""34"": -0.050687719390763046, ""35"": 0.07310317883554165, ""36"": 0.051884437729631624, ""37"": 0.09778121102876826, ""38"": -0.05685980298062976, ""39"": -0.06844921861384883, ""40"": -0.15847572511343355, ""41"": -0.18436306961835397, ""42"": -0.18454764123378065, ""43"": -0.04796626958061422, ""44"": -0.017309510638813436, ""45"": 0.0060452730704507705, ""46"": 0.105564422803588, ""47"": 0.19302189768224795, ""48"": 0.5612985688990403}","[1, 2, 3, 5, 6, 7, 8, 9, 10, 11, 13, 14, 15, 16, 17, 18, 22, 23, 24, 25, 26, 29, 30, 31, 32, 33, 34, 35, 36, 37, 38, 39, 40, 41, 42, 46, 47, 48]","{""24"": 3811.4144195342, ""48"": 7063.453273968066}","{""24"": 0.0, ""48"": 0.0}",,5784.157193733423,8157.806247055097,13.032133965657822,24,1.0,completed
Germany,2024-11-03,2024-11-03,preferred date is derived-valid,benchmark,2024-11-02T18:00:00+01:00,2024-11-02T17:00:00+00:00,2024-11-02T17:00:00+00:00,24,ordinary,enhanced_ordinary_arima_p1_d1_q1,1,1,1,1,n,identity,False,,False,,,,,,False,success,converged,True,True,True,True,True,7554,3,-64882.016659060275,129770.03331812055,129770.0364969285,129790.82241846349,1.486269504838465,2.6160279905032766,"[""DeprecationWarning: Setting the shape on a NumPy array has been deprecated in NumPy 2.5.\nAs an alternative, you can create a new view using np.reshape (with copy=False if needed).""]",[],0,7530,True,joint Ljung-Box and residual ACF rule,"{""1"": 0.08095310761144076, ""2"": 0.12325101316773765, ""3"": -0.08820574926789813, ""4"": -0.033622654954581735, ""5"": -0.07448700963335923, ""6"": -0.15014837885192361, ""7"": -0.16510210911984644, ""8"": -0.1621350693483726, ""9"": -0.07326827929516953, ""10"": -0.06380072471975679, ""11"": 0.10412692044405893, ""12"": 0.06517075197971488, ""13"": 0.13017853268701737, ""14"": -0.07711719379845274, ""15"": -0.07501388060877612, ""16"": -0.19178401226783495, ""17"": -0.1613716307293979, ""18"": -0.1727545921105704, ""19"": -0.05100566295182616, ""20"": -0.03880360958692836, ""21"": -0.02230960761695529, ""22"": 0.0845704601169799, ""23"": 0.19442290504230925, ""24"": 0.6709323297525754, ""25"": 0.19464835335546177, ""26"": 0.1104446418619945, ""27"": -0.04970377228154349, ""28"": -0.028552030808391478, ""29"": -0.07958301020078908, ""30"": -0.14914676848062172, ""31"": -0.18318933750347766, ""32"": -0.14026693856414188, ""33"": -0.06698568529780878, ""34"": -0.06137764778515675, ""35"": 0.09568899157568493, ""36"": 0.0669032155012918, ""37"": 0.11203418581088663, ""38"": -0.06329347944007888, ""39"": -0.07137547604913913, ""40"": -0.16634506655756884, ""41"": -0.1779719541849064, ""42"": -0.1712880562972891, ""43"": -0.05934519099279597, ""44"": -0.025817009333295393, ""45"": -1.135170825650791e-05, ""46"": 0.10431090871849269, ""47"": 0.18597995680183235, ""48"": 0.5712489957234211}","[1, 2, 3, 5, 6, 7, 8, 9, 10, 11, 12, 13, 14, 15, 16, 17, 18, 19, 22, 23, 24, 25, 26, 29, 30, 31, 32, 33, 34, 35, 36, 37, 38, 39, 40, 41, 42, 43, 46, 47, 48]","{""24"": 5721.936311619228, ""48"": 10595.16551645151}","{""24"": 0.0, ""48"": 0.0}",,15310.423764775545,16284.89490340893,34.594195309336186,24,1.0,completed
Germany,2024-02-15,2024-02-15,preferred date is derived-valid,benchmark,2024-02-14T18:00:00+01:00,2024-02-14T17:00:00+00:00,2024-02-14T17:00:00+00:00,24,weekly_differenced,weekly_differenced_arima_p2_d0_q0,2,2,0,0,c,weekly_difference,False,,False,,,,,,False,success,converged,True,True,True,True,True,1266,4,-8767.364343990526,17542.728687981053,17542.760408837516,17563.303158391867,1.0293325202629502,inf,"[""DeprecationWarning: Setting the shape on a NumPy array has been deprecated in NumPy 2.5.\nAs an alternative, you can create a new view using np.reshape (with copy=False if needed).""]",[],0,1098,True,joint Ljung-Box and residual ACF rule,"{""1"": 0.011572089686811038, ""2"": 0.003721972883767313, ""3"": -0.017620512336621298, ""4"": -0.06264193859520642, ""5"": -0.0676949448879003, ""6"": 0.021754574997239352, ""7"": 0.03052757435749342, ""8"": -0.042074411522593384, ""9"": -0.035158811665860414, ""10"": -0.008820635775571052, ""11"": 0.01540902332444012, ""12"": 0.045402838332328, ""13"": 0.014436429837236, ""14"": -0.038447746882629766, ""15"": -0.0561122160141175, ""16"": -0.0038976234986560173, ""17"": -0.04289787721801173, ""18"": 0.02629195753640202, ""19"": -0.020531090092370256, ""20"": -0.03331439724808722, ""21"": 0.017112204994395988, ""22"": -0.029884304216836556, ""23"": 0.08106573144045837, ""24"": 0.15583015377915765, ""25"": 0.03906168103575997, ""26"": 0.029126999600408026, ""27"": -0.017679348975489985, ""28"": -0.026463749745477147, ""29"": -0.04525814964563731, ""30"": 0.03746431634692273, ""31"": -0.010802561424620985, ""32"": 0.014196561986464821, ""33"": -0.0022286099604779384, ""34"": -0.08670378440884047, ""35"": 0.011348769774115855, ""36"": 0.062438943505493234, ""37"": 0.01960789767493171, ""38"": -0.031394277354365306, ""39"": -0.014053856007504138, ""40"": 0.02135569120740376, ""41"": -0.018533672047035966, ""42"": 0.09856077797599941, ""43"": -0.010064474208000725, ""44"": -0.02253779519980838, ""45"": -0.002767961312571144, ""46"": -0.0005870721170017317, ""47"": 0.005899768770132619, ""48"": 0.1466991685457103}","[23, 24, 34, 42, 48]","{""24"": 63.40629814804441, ""48"": 123.91588952677355}","{""24"": 6.905691246301281e-06, ""48"": 4.490842629700858e-09}",,1498.6410771909589,1712.074742892259,2.525545375196502,24,1.0,completed
Germany,2024-03-31,2024-03-31,preferred date is derived-valid,benchmark,2024-03-30T18:00:00+01:00,2024-03-30T17:00:00+00:00,2024-03-30T17:00:00+00:00,23,weekly_differenced,weekly_differenced_arima_p2_d0_q0,2,2,0,0,c,weekly_difference,False,,False,,,,,,False,success,converged,True,True,True,True,True,2346,4,-17255.481841277753,34518.963682555506,34518.98076927059,34542.00555067236,1.0342575219778984,inf,"[""DeprecationWarning: Setting the shape on a NumPy array has been deprecated in NumPy 2.5.\nAs an alternative, you can create a new view using np.reshape (with copy=False if needed).""]",[],0,2178,True,joint Ljung-Box and residual ACF rule,"{""1"": 0.024656473369869987, ""2"": -0.040186318139663994, ""3"": -0.03588279389107183, ""4"": 0.005234509914730162, ""5"": -0.04486487178325415, ""6"": -0.02374659878790191, ""7"": -0.007117115824003426, ""8"": -0.014837941010162167, ""9"": -0.01832766506964866, ""10"": -0.011569191718603638, ""11"": 0.017350656993237953, ""12"": 0.06365594131923423, ""13"": 0.014496045443302465, ""14"": -0.028098735032050563, ""15"": -0.06401764715551478, ""16"": 0.007099380830169688, ""17"": -0.032071142172483004, ""18"": -0.004797336676399607, ""19"": -0.02830444025523864, ""20"": 0.03795321123492634, ""21"": -0.001730910924417821, ""22"": -0.0136055532959728, ""23"": 0.049224197117142765, ""24"": 0.14543937993322367, ""25"": 0.005419409270510289, ""26"": -0.002858335172372276, ""27"": -0.018295193521009587, ""28"": -0.0013149067725043038, ""29"": -0.01915985804530809, ""30"": 0.010514592578180085, ""31"": 0.009947743905052172, ""32"": 0.03148924596637725, ""33"": -0.005737588651131455, ""34"": -0.03730334939351399, ""35"": -0.015151094391464066, ""36"": 0.038724167662203574, ""37"": 0.013717617227742094, ""38"": -0.017873393354284624, ""39"": -0.011169371863823337, ""40"": 0.023575121512315462, ""41"": -0.011122566666446591, ""42"": 0.04449736648536315, ""43"": 0.0049659544666142185, ""44"": 0.010490255865956217, ""45"": -0.009466869923521134, ""46"": -0.004805537175727053, ""47"": 0.013478392931819431, ""48"": 0.10510741595478297}","[12, 15, 24, 48]","{""24"": 95.43515593733727, ""48"": 139.61117691674932}","{""24"": 4.0069673697011325e-11, ""48"": 2.2862056513439136e-11}",,9238.481307214286,9638.200258312523,24.59706779356316,23,1.0,completed
Germany,2024-07-25,2024-07-25,preferred date is derived-valid,benchmark,2024-07-24T18:00:00+02:00,2024-07-24T16:00:00+00:00,2024-07-24T16:00:00+00:00,24,weekly_differenced,weekly_differenced_arima_p2_d0_q0,2,2,0,0,c,weekly_difference,False,,False,,,,,,False,success,converged,True,True,True,True,True,5129,4,-39954.69143531816,79917.38287063631,79917.39067703756,79943.55353458587,1.0433495539550508,inf,"[""DeprecationWarning: Setting the shape on a NumPy array has been deprecated in NumPy 2.5.\nAs an alternative, you can create a new view using np.reshape (with copy=False if needed).""]",[],0,4960,True,joint Ljung-Box and residual ACF rule,"{""1"": 0.014223727071865639, ""2"": -0.022954898143251946, ""3"": -0.03471027574680524, ""4"": -0.005080233942750373, ""5"": -0.00410425568190362, ""6"": 0.008420636123975409, ""7"": -0.006389384989785637, ""8"": -0.0034385155619763175, ""9"": 0.0113421979284008, ""10"": -0.0011242589587751413, ""11"": 0.010371601371933208, ""12"": 0.049043487304439116, ""13"": 0.011917538533693374, ""14"": -0.008278978472037957, ""15"": -0.041021236536829694, ""16"": -0.0423010680075538, ""17"": -0.013200230094864028, ""18"": -0.03243576085527084, ""19"": 0.02583326775259821, ""20"": 0.010945590361026901, ""21"": 0.005842570508852845, ""22"": -0.021234930564854964, ""23"": 0.04388694590621737, ""24"": 0.08068551382389857, ""25"": 0.018574750630011835, ""26"": -0.0005915468658692279, ""27"": -0.041839707101117694, ""28"": -0.009910334861546879, ""29"": -0.006666040151413632, ""30"": 0.01255615762211415, ""31"": -0.02321067739190288, ""32"": 0.00963861519884091, ""33"": -0.02053005601528427, ""34"": -0.009614398646791292, ""35"": 0.003954881419001344, ""36"": 0.011346014991741198, ""37"": -0.014031215922923376, ""38"": 0.014559856235528572, ""39"": -0.0036726691137880696, ""40"": -0.0005746508802642659, ""41"": 0.026008469912387002, ""42"": 0.014131120157256845, ""43"": -0.0004651276895900291, ""44"": 0.0034216313500622687, ""45"": -0.012461409353216577, ""46"": 0.0039603832344751785, ""47"": 0.03411991012351651, ""48"": 0.0700184655858977}","[24, 48]","{""24"": 96.41001344255258, ""48"": 152.61725165439137}","{""24"": 2.7175203152270984e-11, ""48"": 2.3445979706104826e-13}",,1008.6910735000907,1162.3105527247772,1.9068867222012837,24,1.0,completed
Germany,2024-11-03,2024-11-03,preferred date is derived-valid,benchmark,2024-11-02T18:00:00+01:00,2024-11-02T17:00:00+00:00,2024-11-02T17:00:00+00:00,24,weekly_differenced,weekly_differenced_arima_p2_d0_q0,2,2,0,0,c,weekly_difference,False,,False,,,,,,False,success,converged,True,True,True,True,True,7554,4,-59198.756949120114,118405.51389824023,118405.51919695528,118433.23322825332,1.0459247555381495,inf,"[""DeprecationWarning: Setting the shape on a NumPy array has been deprecated in NumPy 2.5.\nAs an alternative, you can create a new view using np.reshape (with copy=False if needed).""]",[],0,7384,True,joint Ljung-Box and residual ACF rule,"{""1"": 0.016283021578952204, ""2"": -0.03188460259515207, ""3"": -0.027762979385310898, ""4"": -0.014289888758975437, ""5"": 0.004679017225949965, ""6"": -0.0002179770986756203, ""7"": -0.00438353650262006, ""8"": -0.010734858704116243, ""9"": 0.0011207535012206888, ""10"": 0.0010209614308806945, ""11"": 0.015419314822427341, ""12"": 0.046884403002401175, ""13"": 0.022042952574949714, ""14"": -0.009318396825889187, ""15"": -0.036053542472584285, ""16"": -0.044935375381132105, ""17"": -0.007619373708472226, ""18"": -0.021115951615209808, ""19"": 0.01961823070520358, ""20"": -0.0021907820385246605, ""21"": 0.006045053422205907, ""22"": -0.020002181585217847, ""23"": 0.03996195741070262, ""24"": 0.10782836929613598, ""25"": 0.02753699307085417, ""26"": -0.00043794699449022735, ""27"": -0.029909908698781438, ""28"": -0.013594316168642574, ""29"": -0.008379576788282663, ""30"": 0.00651868105212955, ""31"": -0.02113869608922975, ""32"": 0.005242755530342683, ""33"": -0.016516483519265927, ""34"": -0.013386734206346356, ""35"": 0.014254013884480866, ""36"": 0.01372683136731384, ""37"": -0.004447783159408446, ""38"": 0.018797592333521188, ""39"": -0.004011776046423939, ""40"": -0.003574464480476174, ""41"": 0.022282591734413337, ""42"": 0.011569605906678472, ""43"": 0.0037517838679712013, ""44"": -0.002374584550070898, ""45"": -0.01317145097255331, ""46"": -0.01694368229789063, ""47"": 0.03599909214778926, ""48"": 0.08186004032085996}","[24, 48]","{""24"": 172.5117433434848, ""48"": 267.43589028154116}","{""24"": 2.457337671667086e-25, ""48"": 5.367334863319245e-33}",,1586.370983062805,1700.9537853086824,3.4089235635647483,24,1.0,completed
Austria,2024-02-15,2024-02-15,preferred date is derived-valid,benchmark,2024-02-14T08:00:00+01:00,2024-02-14T07:00:00+00:00,2024-02-14T07:00:00+00:00,24,ordinary,enhanced_ordinary_arima_p3_d1_q3,9,3,1,3,n,identity,False,,False,,,,,,False,success,converged,True,True,True,True,True,1256,7,-8375.109108031276,16764.218216062553,16764.307959652295,16800.162452023513,1.2717448606451074,1.0246174631512242,"[""DeprecationWarning: Setting the shape on a NumPy array has been deprecated in NumPy 2.5.\nAs an alternative, you can create a new view using np.reshape (with copy=False if needed).""]",[],0,1232,True,joint Ljung-Box and residual ACF rule,"{""1"": 0.004448300615177512, ""2"": -0.016540025657419775, ""3"": 0.0008854287264446883, ""4"": 0.008640609889596237, ""5"": 0.02445654244818742, ""6"": -0.052870930748312096, ""7"": -0.028240347642824154, ""8"": -0.011425263111998823, ""9"": 0.09425106330401076, ""10"": -0.11249715096056458, ""11"": 0.021905016779277385, ""12"": -0.0407781283660689, ""13"": 0.02427781761360895, ""14"": -0.11758556283581378, ""15"": 0.08581420091624913, ""16"": -0.02834138245776316, ""17"": -0.04517806883544304, ""18"": -0.09128357206299302, ""19"": 0.036263043639411574, ""20"": 0.002455957702969323, ""21"": -0.05429809915157716, ""22"": 0.0040903421325256956, ""23"": 0.02578665194148448, ""24"": 0.7960270955013019, ""25"": -0.009669901025893853, ""26"": 0.02655142639932044, ""27"": -0.048319957189188044, ""28"": -0.027379025214061235, ""29"": 0.020064747844651214, ""30"": -0.08757428607249156, ""31"": -0.07250847388827102, ""32"": -0.02049538860653133, ""33"": 0.07778885976724598, ""34"": -0.1375812029264847, ""35"": -0.002936029311014004, ""36"": -0.07514113031649741, ""37"": 0.008212178002108411, ""38"": -0.13553613925618344, ""39"": 0.06973122599492401, ""40"": -0.04458998552177006, ""41"": -0.08009181874658008, ""42"": -0.1180532967727861, ""43"": 0.033988922516866624, ""44"": -0.029058395498683248, ""45"": -0.07409604684589305, ""46"": 0.03133779886811866, ""47"": -0.019115031250112498, ""48"": 0.6903010256637702}","[9, 10, 14, 15, 18, 24, 30, 33, 34, 36, 38, 41, 42, 45, 48]","{""24"": 880.1423358498051, ""48"": 1622.695708972169}","{""24"": 2.6923532136394175e-175, ""48"": 0.0}",,865.1991427158663,1006.5627292331471,12.186221776623375,24,1.0,completed
Austria,2024-03-31,2024-03-31,preferred date is derived-valid,benchmark,2024-03-30T08:00:00+01:00,2024-03-30T07:00:00+00:00,2024-03-30T07:00:00+00:00,23,ordinary,enhanced_ordinary_arima_p3_d1_q3,9,3,1,3,n,identity,False,,False,,,,,,False,success,converged,True,True,True,True,True,2336,7,-15587.463768683743,31188.927537367486,31188.97564733312,31229.217907558206,1.2946747496108386,1.018486274266176,"[""DeprecationWarning: Setting the shape on a NumPy array has been deprecated in NumPy 2.5.\nAs an alternative, you can create a new view using np.reshape (with copy=False if needed).""]",[],0,2312,True,joint Ljung-Box and residual ACF rule,"{""1"": -0.00024161823744468797, ""2"": -0.020915633842124, ""3"": 0.01298600801606847, ""4"": 0.03585466199847192, ""5"": 0.028726603640153416, ""6"": -0.08445407361035545, ""7"": -0.040895406762669624, ""8"": 0.031860333174322325, ""9"": 0.05486597708535893, ""10"": -0.15619250284357625, ""11"": 0.07546487390340266, ""12"": 0.07478240019907208, ""13"": 0.08179792074524089, ""14"": -0.16877275877628078, ""15"": 0.035079890544483544, ""16"": 0.02159614866726099, ""17"": -0.05677040755617131, ""18"": -0.13583323309083636, ""19"": 0.034068998377953554, ""20"": 0.03691983107810011, ""21"": -0.057938360289842464, ""22"": -0.009164943081615591, ""23"": 0.024464916944969713, ""24"": 0.7949247253869893, ""25"": -0.0045605312603075356, ""26"": 0.009341008078576574, ""27"": -0.05243575061004589, ""28"": 0.009621768859190081, ""29"": 0.02429422153113225, ""30"": -0.13443339194027518, ""31"": -0.08524815155848606, ""32"": 0.024933650397411886, ""33"": 0.023293717915167014, ""34"": -0.17915688214177244, ""35"": 0.055167479524378206, ""36"": 0.02463134680043395, ""37"": 0.06701988479472645, ""38"": -0.19051634753572255, ""39"": 0.003997483467465212, ""40"": 0.009657355182390514, ""41"": -0.08898846346405899, ""42"": -0.17523071807917928, ""43"": 0.023540728475823877, ""44"": 0.012199773221168051, ""45"": -0.09027406635810269, ""46"": 0.004007669507098579, ""47"": -0.014493309882942515, ""48"": 0.6924206189560851}","[6, 9, 10, 11, 12, 13, 14, 17, 18, 21, 24, 30, 31, 34, 35, 37, 38, 41, 42, 45, 48]","{""24"": 1748.2953166390741, ""48"": 3244.311652002627}","{""24"": 0.0, ""48"": 0.0}",,1347.0328903721017,1413.8008239693083,26.90412872600179,23,1.0,completed
Austria,2024-07-25,2024-07-25,preferred date is derived-valid,benchmark,2024-07-24T08:00:00+02:00,2024-07-24T06:00:00+00:00,2024-07-24T06:00:00+00:00,24,ordinary,enhanced_ordinary_arima_p3_d1_q3,9,3,1,3,n,identity,False,,False,,,,,,False,success,converged,True,True,True,True,True,5119,7,-33869.2669205366,67752.5338410732,67752.55575459305,67798.31747419023,1.2703092306943446,1.0383715089438887,"[""DeprecationWarning: Setting the shape on a NumPy array has been deprecated in NumPy 2.5.\nAs an alternative, you can create a new view using np.reshape (with copy=False if needed).""]",[],0,5095,True,joint Ljung-Box and residual ACF rule,"{""1"": -0.003949310592338746, ""2"": -0.02272594580047818, ""3"": 0.01618750318283538, ""4"": 0.03433265668864559, ""5"": 0.04260777144649107, ""6"": -0.07588679686302537, ""7"": -0.05980691097682409, ""8"": 0.03292581428595152, ""9"": -0.006789047022055507, ""10"": -0.11667875219989333, ""11"": 0.12605859520341503, ""12"": 0.03176584523372787, ""13"": 0.12287304770663136, ""14"": -0.1281312164660218, ""15"": -0.02562984784306794, ""16"": 0.0065165810412849455, ""17"": -0.07459244148967102, ""18"": -0.114835775101924, ""19"": 0.03027177708349039, ""20"": 0.028599978131723408, ""21"": -0.05812970464204399, ""22"": 0.0018911241661982213, ""23"": 0.02487173864759676, ""24"": 0.7231709511284059, ""25"": 0.0013226075672372222, ""26"": 0.016317692117476013, ""27"": -0.060333903383329224, ""28"": 0.01654508703287688, ""29"": 0.01685144245816758, ""30"": -0.1348641084805861, ""31"": -0.09514533166601556, ""32"": 0.012115408313858881, ""33"": -0.044384549706911275, ""34"": -0.12888533407358466, ""35"": 0.10260474606026539, ""36"": -0.02028937317171714, ""37"": 0.10796508910332944, ""38"": -0.1527827915206916, ""39"": -0.04484414367239891, ""40"": -0.011006478518413527, ""41"": -0.11459369237400423, ""42"": -0.14390019745388177, ""43"": 0.010299669599870465, ""44"": -0.0028619309857432383, ""45"": -0.07558455499111248, ""46"": 0.01243973921725357, ""47"": -0.02398474623833107, ""48"": 0.6203500859483246}","[6, 7, 10, 11, 13, 14, 17, 18, 21, 24, 27, 30, 31, 34, 35, 37, 38, 41, 42, 45, 48]","{""24"": 3196.714819015341, ""48"": 5889.963397658605}","{""24"": 0.0, ""48"": 0.0}",,581.5567289262876,736.2323427919747,10.219192237534056,24,1.0,completed
Austria,2024-11-03,2024-11-03,preferred date is derived-valid,benchmark,2024-11-02T08:00:00+01:00,2024-11-02T07:00:00+00:00,2024-11-02T07:00:00+00:00,24,ordinary,enhanced_ordinary_arima_p3_d1_q3,9,3,1,3,n,identity,False,,False,,,,,,False,success,converged,True,True,True,True,True,7544,7,-49988.53802544804,99991.07605089608,99991.09091289183,100039.57467771506,1.2884828346273671,1.0110921752264737,"[""DeprecationWarning: Setting the shape on a NumPy array has been deprecated in NumPy 2.5.\nAs an alternative, you can create a new view using np.reshape (with copy=False if needed).""]",[],0,7520,True,joint Ljung-Box and residual ACF rule,"{""1"": -0.002263472533227404, ""2"": -0.01405939303282677, ""3"": 0.021383624816429376, ""4"": 0.037584861609044375, ""5"": 0.023392474699917513, ""6"": -0.07653592844738216, ""7"": -0.05669241896083358, ""8"": 0.051714170535916586, ""9"": 0.0025291706857923455, ""10"": -0.11340420367023123, ""11"": 0.15502462425416808, ""12"": 0.07167126770905943, ""13"": 0.15354921292758433, ""14"": -0.1247806773501021, ""15"": -0.01581833376958685, ""16"": 0.02847335212919697, ""17"": -0.07039294457246069, ""18"": -0.11507978320285209, ""19"": 0.017559000985187617, ""20"": 0.038252347512555684, ""21"": -0.05412342164124249, ""22"": 0.010758984276109329, ""23"": 0.03036534840813522, ""24"": 0.7292444515835114, ""25"": 0.007509322415381999, ""26"": 0.021645952681499648, ""27"": -0.05331275313083767, ""28"": 0.02080891794891271, ""29"": -0.0006743572448584122, ""30"": -0.1335023176907819, ""31"": -0.09427540861934973, ""32"": 0.028805134082572244, ""33"": -0.034458004045630555, ""34"": -0.13078501303685908, ""35"": 0.12532730837465997, ""36"": 0.01925499890360799, ""37"": 0.12914677306758074, ""38"": -0.1519919794710589, ""39"": -0.041250374928165516, ""40"": 0.005208350049550678, ""41"": -0.11401277384780717, ""42"": -0.14817436333537742, ""43"": -0.0075124603617211915, ""44"": 0.0008267814001285375, ""45"": -0.08015230064212794, ""46"": 0.017927213463703753, ""47"": -0.01853227762808328, ""48"": 0.616645790974373}","[6, 7, 8, 10, 11, 12, 13, 14, 17, 18, 21, 24, 27, 30, 31, 34, 35, 37, 38, 41, 42, 45, 48]","{""24"": 4921.282060122171, ""48"": 8928.595836745835}","{""24"": 0.0, ""48"": 0.0}",,813.7472142983742,945.0818833774606,15.51207864694313,24,1.0,completed
Austria,2024-02-15,2024-02-15,preferred date is derived-valid,benchmark,2024-02-14T08:00:00+01:00,2024-02-14T07:00:00+00:00,2024-02-14T07:00:00+00:00,24,ordinary,enhanced_ordinary_arima_p2_d1_q1,4,2,1,1,n,identity,False,,False,,,,,,False,success,converged,True,True,True,True,True,1256,4,-8465.63005013013,16939.26010026026,16939.292074680725,16959.799663666523,1.2088096066338903,2.6670250582905926,"[""DeprecationWarning: Setting the shape on a NumPy array has been deprecated in NumPy 2.5.\nAs an alternative, you can create a new view using np.reshape (with copy=False if needed).""]",[],0,1232,True,joint Ljung-Box and residual ACF rule,"{""1"": -0.003319236952827057, ""2"": 0.0883296514816633, ""3"": -0.198112654110255, ""4"": 0.05639311402070347, ""5"": 0.06858199437590694, ""6"": -0.07774553401676157, ""7"": -0.026626179220890774, ""8"": -0.10145328668252275, ""9"": 0.04611478751119365, ""10"": -0.19697889705040603, ""11"": -0.008683892885663876, ""12"": -0.18614886313833537, ""13"": -0.004213702280300106, ""14"": -0.19320420136880834, ""15"": 0.05207673578531964, ""16"": -0.1171477261198964, ""17"": -0.033141527788732396, ""18"": -0.09664727998608268, ""19"": 0.0735587677090862, ""20"": 0.04980154744040309, ""21"": -0.18815078980078795, ""22"": 0.10040326061935213, ""23"": 0.015143782059878853, ""24"": 0.8405660851012694, ""25"": -0.0018741976677204468, ""26"": 0.11668150475647851, ""27"": -0.17922393499009578, ""28"": 0.04488395031074467, ""29"": 0.05597167075306869, ""30"": -0.08656676911025475, ""31"": -0.04033515219076674, ""32"": -0.08868428041254921, ""33"": 0.060080425763676615, ""34"": -0.19091144588174652, ""35"": -0.009388694418174108, ""36"": -0.19840339061888432, ""37"": 0.006635387280671962, ""38"": -0.1809494589398822, ""39"": 0.065880628694877, ""40"": -0.11352082769967707, ""41"": -0.03951635422921181, ""42"": -0.10490074475188757, ""43"": 0.07478914774095533, ""44"": 0.04892475676515476, ""45"": -0.16951084539242475, ""46"": 0.13004719558791367, ""47"": -0.009559133708117323, ""48"": 0.7601660287743186}","[2, 3, 6, 8, 10, 12, 14, 16, 18, 19, 21, 22, 24, 26, 27, 30, 32, 34, 36, 38, 40, 42, 43, 45, 46, 48]","{""24"": 1220.0490541767103, ""48"": 2297.2813757680337}","{""24"": 3.040758424998272e-245, ""48"": 0.0}",,1000.4182654911301,1301.71958099963,15.261020608902784,24,1.0,completed
Austria,2024-03-31,2024-03-31,preferred date is derived-valid,benchmark,2024-03-30T08:00:00+01:00,2024-03-30T07:00:00+00:00,2024-03-30T07:00:00+00:00,23,ordinary,enhanced_ordinary_arima_p2_d1_q1,4,2,1,1,n,identity,False,,False,,,,,,False,success,converged,True,True,True,True,True,2336,4,-15772.16849591248,31552.33699182496,31552.35415184212,31575.360060505373,1.1922962556059422,2.40750168470023,"[""DeprecationWarning: Setting the shape on a NumPy array has been deprecated in NumPy 2.5.\nAs an alternative, you can create a new view using np.reshape (with copy=False if needed).""]",[],0,2312,True,joint Ljung-Box and residual ACF rule,"{""1"": 0.014626233406229225, ""2"": 0.041991589750822116, ""3"": -0.22087297386521734, ""4"": 0.11478467084941013, ""5"": 0.06797897319192539, ""6"": -0.09430995722587054, ""7"": -0.025976555667876523, ""8"": -0.06373735710381527, ""9"": -0.013899081576619825, ""10"": -0.25373164861239483, ""11"": 0.030735501922542794, ""12"": -0.0581591325196588, ""13"": 0.037161697549871, ""14"": -0.2561414873898409, ""15"": -0.01349050698438826, ""16"": -0.07526247139849764, ""17"": -0.03631955274107615, ""18"": -0.11727235396355379, ""19"": 0.06577893593243997, ""20"": 0.10579428622855966, ""21"": -0.21302520347847598, ""22"": 0.04796383751614347, ""23"": 0.03130055925284157, ""24"": 0.8472138788873037, ""25"": 0.019824345854503822, ""26"": 0.06241386551438055, ""27"": -0.20277601334331835, ""28"": 0.10449055427779186, ""29"": 0.057756408257619136, ""30"": -0.10521779620463202, ""31"": -0.04354656006498613, ""32"": -0.05060870229614941, ""33"": -0.00035512168900258444, ""34"": -0.2443717333535824, ""35"": 0.03414020983365228, ""36"": -0.07429141240226773, ""37"": 0.04795600809054262, ""38"": -0.24736798201068608, ""39"": -0.0020099250199859635, ""40"": -0.06646998586910849, ""41"": -0.04150511446695191, ""42"": -0.12703218956575762, ""43"": 0.060579359340732504, ""44"": 0.10804687146605316, ""45"": -0.19610243207272365, ""46"": 0.07124669132175751, ""47"": 0.009759056858924387, ""48"": 0.7742672856254851}","[3, 4, 5, 6, 8, 10, 12, 14, 16, 18, 19, 20, 21, 24, 26, 27, 28, 29, 30, 34, 36, 38, 40, 42, 43, 44, 45, 46, 48]","{""24"": 2383.5703778633306, ""48"": 4473.302092739517}","{""24"": 0.0, ""48"": 0.0}",,670.3092629676883,777.3498755714193,13.678416016068018,23,1.0,completed
Austria,2024-07-25,2024-07-25,preferred date is derived-valid,benchmark,2024-07-24T08:00:00+02:00,2024-07-24T06:00:00+00:00,2024-07-24T06:00:00+00:00,24,ordinary,enhanced_ordinary_arima_p2_d1_q1,4,2,1,1,n,identity,False,,False,,,,,,False,success,converged,True,True,True,True,True,5119,4,-34151.3616420067,68310.7232840134,68310.73110567941,68336.88536008027,1.1548036344894712,1.736145434394687,"[""DeprecationWarning: Setting the shape on a NumPy array has been deprecated in NumPy 2.5.\nAs an alternative, you can create a new view using np.reshape (with copy=False if needed).""]",[],0,5095,True,joint Ljung-Box and residual ACF rule,"{""1"": 0.03949041058332172, ""2"": 0.013225802393026728, ""3"": -0.20119779705726268, ""4"": 0.0974559254861395, ""5"": 0.08576363018443128, ""6"": -0.04011512527644521, ""7"": -0.036721865370898596, ""8"": -0.05787574941662283, ""9"": -0.06569884401084558, ""10"": -0.22290627150575834, ""11"": 0.042915716568438, ""12"": -0.07016134391999113, ""13"": 0.04588112649941712, ""14"": -0.2271148361660648, ""15"": -0.07045339494351457, ""16"": -0.07777859312305285, ""17"": -0.048480944577104085, ""18"": -0.05869064871575869, ""19"": 0.06646554119127356, ""20"": 0.08185942943925828, ""21"": -0.18964793518322626, ""22"": 0.03397461367960295, ""23"": 0.05290902087175942, ""24"": 0.7717938116762919, ""25"": 0.03962763926287395, ""26"": 0.048629446348241276, ""27"": -0.17945944955744392, ""28"": 0.08985371444276867, ""29"": 0.0564880395124306, ""30"": -0.06311979481376437, ""31"": -0.05397097240912745, ""32"": -0.05051132169903519, ""33"": -0.05442688510364817, ""34"": -0.2027548703506923, ""35"": 0.05105984523037214, ""36"": -0.08689170938741006, ""37"": 0.05801530791031309, ""38"": -0.214742103726109, ""39"": -0.04867631855634655, ""40"": -0.06973816434589265, ""41"": -0.05959491808605266, ""42"": -0.06900564423204887, ""43"": 0.05552528255696271, ""44"": 0.08271327872173571, ""45"": -0.1637494505448739, ""46"": 0.060131608114667584, ""47"": 0.019034801154761378, ""48"": 0.6848757649472552}","[3, 4, 5, 8, 9, 10, 12, 14, 15, 16, 18, 19, 20, 21, 23, 24, 27, 28, 29, 30, 31, 32, 33, 34, 35, 36, 37, 38, 40, 41, 42, 43, 44, 45, 46, 48]","{""24"": 4315.838019558939, ""48"": 7842.339574535185}","{""24"": 0.0, ""48"": 0.0}",,591.235775410082,787.8253165178844,10.667412052256008,24,1.0,completed
Austria,2024-11-03,2024-11-03,preferred date is derived-valid,benchmark,2024-11-02T08:00:00+01:00,2024-11-02T07:00:00+00:00,2024-11-02T07:00:00+00:00,24,ordinary,enhanced_ordinary_arima_p2_d1_q1,4,2,1,1,n,identity,False,,False,,,,,,False,success,converged,True,True,True,True,True,7544,4,-50393.89291911897,100795.78583823793,100795.7911439814,100823.49933927735,1.1503926554859056,1.7205502323609057,"[""DeprecationWarning: Setting the shape on a NumPy array has been deprecated in NumPy 2.5.\nAs an alternative, you can create a new view using np.reshape (with copy=False if needed).""]",[],0,7520,True,joint Ljung-Box and residual ACF rule,"{""1"": 0.04446792206893172, ""2"": 0.0005541339219474463, ""3"": -0.19550528395881597, ""4"": 0.10897073637315444, ""5"": 0.07223081654816556, ""6"": -0.0399376376530236, ""7"": -0.033618772334893486, ""8"": -0.04089832225056741, ""9"": -0.0796491398499441, ""10"": -0.2439744499489537, ""11"": 0.0455441984506898, ""12"": -0.04485914857962212, ""13"": 0.04964256866918673, ""14"": -0.24793974657151693, ""15"": -0.08427323662190074, ""16"": -0.06033115521807692, ""17"": -0.04744484825663933, ""18"": -0.05965878632658519, ""19"": 0.05616709608574008, ""20"": 0.09492187600800554, ""21"": -0.18860099252633655, ""22"": 0.022566606183603826, ""23"": 0.058434062661697525, ""24"": 0.7742636082702596, ""25"": 0.04628846467725159, ""26"": 0.03660768480931923, ""27"": -0.17440297583460504, ""28"": 0.10009347455317372, ""29"": 0.0457721476991635, ""30"": -0.06198994234544359, ""31"": -0.051321528912539854, ""32"": -0.03304458716365387, ""33"": -0.06630705619470509, ""34"": -0.2234513676109337, ""35"": 0.050606684253836236, ""36"": -0.05888348292403691, ""37"": 0.057208646176251716, ""38"": -0.23287238599632476, ""39"": -0.06515381163927154, ""40"": -0.0519413274192761, ""41"": -0.05851396746556474, ""42"": -0.06852507157610777, ""43"": 0.043898836432038284, ""44"": 0.09193197272494986, ""45"": -0.16425526866770312, ""46"": 0.05008482352071343, ""47"": 0.029622362908606384, ""48"": 0.6845931848999303}","[3, 4, 5, 9, 10, 14, 15, 16, 18, 19, 20, 21, 23, 24, 27, 28, 30, 31, 33, 34, 35, 36, 37, 38, 39, 40, 41, 42, 44, 45, 46, 48]","{""24"": 6511.176199137477, ""48"": 11776.688843953787}","{""24"": 0.0, ""48"": 0.0}",,481.5373032243471,595.0971458601666,8.64684413549906,24,1.0,completed
Austria,2024-02-15,2024-02-15,preferred date is derived-valid,benchmark,2024-02-14T08:00:00+01:00,2024-02-14T07:00:00+00:00,2024-02-14T07:00:00+00:00,24,weekly_differenced,weekly_differenced_arima_p1_d0_q1,1,1,0,1,c,weekly_difference,False,,False,,,,,,False,success,converged,True,True,True,True,True,1256,4,-6529.328373059839,13066.656746119677,13066.688720540142,13087.19949550779,1.0204293311813408,1.7345139797876257,"[""DeprecationWarning: Setting the shape on a NumPy array has been deprecated in NumPy 2.5.\nAs an alternative, you can create a new view using np.reshape (with copy=False if needed).""]",[],0,1088,True,joint Ljung-Box and residual ACF rule,"{""1"": 0.1886501323396047, ""2"": 0.2668568640823673, ""3"": -0.0872978762476002, ""4"": -0.08074977409966477, ""5"": -0.19153007979426853, ""6"": -0.06402481056217156, ""7"": -0.11543260530169039, ""8"": -0.01865450536497031, ""9"": -0.025460525705321046, ""10"": -0.000815710193292092, ""11"": -0.0028159434585748305, ""12"": 0.014294771922863363, ""13"": -0.028022909107251522, ""14"": -0.024392915356595334, ""15"": -0.04600586953878502, ""16"": -0.06260099264452294, ""17"": -0.08408929731390492, ""18"": -0.045735909976124436, ""19"": -0.05148034044264496, ""20"": 0.01266724355598669, ""21"": 0.016999798619054433, ""22"": 0.07420030236588566, ""23"": 0.17383010544427224, ""24"": 0.2685644485440258, ""25"": 0.0794354772952318, ""26"": 0.05018476770794973, ""27"": -0.0890546725653011, ""28"": -0.0993602167305327, ""29"": -0.0965032005330612, ""30"": -0.028901172017823336, ""31"": -0.04368594316583586, ""32"": 0.002047729953275786, ""33"": -0.008818343064445983, ""34"": -0.012213682071071876, ""35"": 0.025912147441796544, ""36"": -0.0033684260589450345, ""37"": 0.00991943854579226, ""38"": -0.05195996747380202, ""39"": -0.03278186367308243, ""40"": -0.041926299793723844, ""41"": -0.017027091415520598, ""42"": -0.003123370570467235, ""43"": 0.036540741831620156, ""44"": 0.035016361947788545, ""45"": 0.021694468005788475, ""46"": 0.12512329804333258, ""47"": 0.05344537924759214, ""48"": 0.18432200658944375}","[1, 2, 3, 4, 5, 7, 17, 23, 24, 25, 27, 28, 29, 46, 48]","{""24"": 334.6155688026336, ""48"": 448.8736585611014}","{""24"": 1.0993695215627832e-57, ""48"": 1.762794471817486e-67}",,262.5671483189646,336.599390021031,3.4626144688406058,24,1.0,completed
Austria,2024-03-31,2024-03-31,preferred date is derived-valid,benchmark,2024-03-30T08:00:00+01:00,2024-03-30T07:00:00+00:00,2024-03-30T07:00:00+00:00,23,weekly_differenced,weekly_differenced_arima_p1_d0_q1,1,1,0,1,c,weekly_difference,False,,False,,,,,,False,success,converged,True,True,True,True,True,2336,4,-12844.294778963536,25696.589557927073,25696.606717944233,25719.614339302865,1.0265914181957465,1.8515984786252497,"[""DeprecationWarning: Setting the shape on a NumPy array has been deprecated in NumPy 2.5.\nAs an alternative, you can create a new view using np.reshape (with copy=False if needed).""]",[],0,2168,True,joint Ljung-Box and residual ACF rule,"{""1"": 0.17158686628792977, ""2"": 0.25900934129855685, ""3"": -0.08980547762227738, ""4"": -0.06397718192439318, ""5"": -0.17867541080322533, ""6"": -0.0701873863344589, ""7"": -0.11964070504890006, ""8"": -0.030601116616380798, ""9"": -0.053142502997466236, ""10"": 0.0024221897926865023, ""11"": -0.020779943751165236, ""12"": 0.04808968566161706, ""13"": -0.03969589225646456, ""14"": -0.023137579370947285, ""15"": -0.05245236872448168, ""16"": -0.03243153410270131, ""17"": -0.04939204254114826, ""18"": -0.005878690524937751, ""19"": -0.029423582343642785, ""20"": 0.008336012290289822, ""21"": -0.029049120562866855, ""22"": 0.06094861028704671, ""23"": 0.11722861254782838, ""24"": 0.21442194734953465, ""25"": 0.061219579427453374, ""26"": 0.045773810892843894, ""27"": -0.04950354938231864, ""28"": -0.0680757780762788, ""29"": -0.06553555169284202, ""30"": -0.018682609737661785, ""31"": -0.04259682995423977, ""32"": 0.025192608445773673, ""33"": -0.009870035847799094, ""34"": 0.012180307881571307, ""35"": 0.012372333879466426, ""36"": 0.025676018107559602, ""37"": -0.002816649990072461, ""38"": -0.01953152411025587, ""39"": -0.03472169415479582, ""40"": -0.018450868991133122, ""41"": -0.01329830833346208, ""42"": -0.004371533660289648, ""43"": 0.023822005069864108, ""44"": 0.04320389825545838, ""45"": 0.02370527377555601, ""46"": 0.09014846639727801, ""47"": 0.013000685842655561, ""48"": 0.13743785797010427}","[1, 2, 3, 4, 5, 6, 7, 22, 23, 24, 25, 28, 29, 46, 48]","{""24"": 522.9656624254017, ""48"": 640.9649978885774}","{""24"": 1.1775647023916575e-96, ""48"": 8.393180297133342e-106}",,422.1812880177368,456.9706303487635,8.084767847033966,23,1.0,completed
Austria,2024-07-25,2024-07-25,preferred date is derived-valid,benchmark,2024-07-24T08:00:00+02:00,2024-07-24T06:00:00+00:00,2024-07-24T06:00:00+00:00,24,weekly_differenced,weekly_differenced_arima_p1_d0_q1,1,1,0,1,c,weekly_difference,False,,False,,,,,,False,success,converged,True,True,True,True,True,5119,4,-30274.36553974642,60556.73107949284,60556.73890115885,60582.89393703867,1.039794047680038,1.6905971736351177,"[""DeprecationWarning: Setting the shape on a NumPy array has been deprecated in NumPy 2.5.\nAs an alternative, you can create a new view using np.reshape (with copy=False if needed).""]",[],0,4950,True,joint Ljung-Box and residual ACF rule,"{""1"": 0.16781286592823055, ""2"": 0.22791185289413593, ""3"": -0.08693337071086346, ""4"": -0.05713957585365891, ""5"": -0.11998448891166205, ""6"": -0.05014622656689222, ""7"": -0.06930710922738617, ""8"": -0.02313718672735603, ""9"": -0.016418365001251097, ""10"": -0.013301938786124793, ""11"": -0.06147958883268067, ""12"": -0.01580701379202178, ""13"": -0.059473112064492344, ""14"": -0.00609299844787731, ""15"": -0.03204578033292305, ""16"": -0.014231307539994152, ""17"": -0.016883935721975718, ""18"": 0.022998528870463684, ""19"": -0.0008989066022788219, ""20"": -0.0005435889973988825, ""21"": 0.012124021947699818, ""22"": 0.043890725972236797, ""23"": 0.1058591905891753, ""24"": 0.13039146364267704, ""25"": 0.047840759975001826, ""26"": -0.004215347050967734, ""27"": -0.022524561811645933, ""28"": -0.05500422692795529, ""29"": -0.07896670508073877, ""30"": -0.045927076918893854, ""31"": -0.051681575008397394, ""32"": 0.0070495208594098056, ""33"": -0.0011690301373813666, ""34"": 0.028445570593965568, ""35"": 0.029247712614611312, ""36"": 0.006846384610023289, ""37"": 0.030192722817223284, ""38"": -0.005865874105625834, ""39"": 0.032760569272858975, ""40"": -0.0031787496762188667, ""41"": -0.011243286418823946, ""42"": 0.013986753820355765, ""43"": -0.0001048510653037009, ""44"": 0.008126899589117718, ""45"": 0.00415316539311912, ""46"": 0.026822067355275914, ""47"": -0.01462253895347937, ""48"": 0.08006685273907084}","[1, 2, 3, 4, 5, 6, 7, 11, 13, 23, 24, 28, 29, 31, 48]","{""24"": 761.5330438584649, ""48"": 903.1494639756586}","{""24"": 7.826218989092935e-147, ""48"": 1.8134702873651993e-159}",,215.7129511801769,257.25774333509855,3.4495716121789957,24,1.0,completed
Austria,2024-11-03,2024-11-03,preferred date is derived-valid,benchmark,2024-11-02T08:00:00+01:00,2024-11-02T07:00:00+00:00,2024-11-02T07:00:00+00:00,24,weekly_differenced,weekly_differenced_arima_p1_d0_q1,1,1,0,1,c,weekly_difference,False,,False,,,,,,False,success,converged,True,True,True,True,True,7544,4,-45191.86376911936,90391.72753823872,90391.73284398219,90419.44156953596,1.046485204501157,1.709670087489601,"[""DeprecationWarning: Setting the shape on a NumPy array has been deprecated in NumPy 2.5.\nAs an alternative, you can create a new view using np.reshape (with copy=False if needed).""]",[],0,7374,True,joint Ljung-Box and residual ACF rule,"{""1"": 0.18094629644837942, ""2"": 0.25186773571562016, ""3"": -0.08201154106679459, ""4"": -0.052804684581784375, ""5"": -0.14875975958037205, ""6"": -0.06939534015889828, ""7"": -0.08768704587106715, ""8"": -0.035746867227001405, ""9"": -0.028268493748016866, ""10"": -0.01822278938229471, ""11"": -0.04622360556113065, ""12"": -0.012505431172425556, ""13"": -0.043813476992286736, ""14"": -0.02361468151634791, ""15"": -0.030382443201417204, ""16"": -0.027780569481557982, ""17"": -0.016437961717285562, ""18"": 0.002650696230531188, ""19"": -0.0024844441621012458, ""20"": 0.00315888571313518, ""21"": 0.016212461904176145, ""22"": 0.06683546433488802, ""23"": 0.11243937511839552, ""24"": 0.15161461653721617, ""25"": 0.0583985952326926, ""26"": 0.02025303499411902, ""27"": -0.01875008420121034, ""28"": -0.0392664720548943, ""29"": -0.07304233556747705, ""30"": -0.04134141069753437, ""31"": -0.04731616072268322, ""32"": -0.0017770357589954333, ""33"": -0.014730520716120734, ""34"": 0.018174919362839426, ""35"": 0.017904564089228116, ""36"": 0.011546856975112943, ""37"": 0.013740871042786413, ""38"": -0.013022440176086905, ""39"": 0.012142939333753525, ""40"": -0.01977615982292897, ""41"": -0.010562858021028658, ""42"": 0.0026798469234691823, ""43"": 7.005370515643231e-06, ""44"": 0.019071918323103235, ""45"": 0.005935611894924251, ""46"": 0.053512079038646604, ""47"": 0.015593900091415272, ""48"": 0.09333674260842198}","[1, 2, 3, 4, 5, 6, 7, 22, 23, 24, 25, 29, 46, 48]","{""24"": 1401.8098474216238, ""48"": 1618.5275781143291}","{""24"": 3.19094354580464e-283, ""48"": 3.022541345953654e-309}",,185.98869636286497,222.1603535571668,3.271084670750854,24,1.0,completed
Austria,2024-02-15,2024-02-15,preferred date is derived-valid,benchmark,2024-02-14T08:00:00+01:00,2024-02-14T07:00:00+00:00,2024-02-14T07:00:00+00:00,24,weekly_differenced,weekly_differenced_arima_p2_d0_q0,2,2,0,0,c,weekly_difference,False,,False,,,,,,False,success,converged,True,True,True,True,True,1256,4,-6482.50000635409,12973.00001270818,12973.031987128645,12993.542762096293,1.0664006954619352,inf,"[""DeprecationWarning: Setting the shape on a NumPy array has been deprecated in NumPy 2.5.\nAs an alternative, you can create a new view using np.reshape (with copy=False if needed).""]",[],0,1088,True,joint Ljung-Box and residual ACF rule,"{""1"": 0.1321158678439713, ""2"": -0.031802526123321136, ""3"": -0.09406565286057589, ""4"": -0.14033814430986008, ""5"": -0.11948585061584314, ""6"": 0.004172219541839832, ""7"": -0.025756665297525776, ""8"": 0.033452589416845535, ""9"": 0.03932886133185641, ""10"": 0.021873971087538874, ""11"": 0.03637560507291703, ""12"": 0.04868160409921766, ""13"": 0.00570464242364377, ""14"": 0.013810355472471074, ""15"": 0.013403895147164432, ""16"": -0.020950939247998013, ""17"": -0.037370754077932916, ""18"": -0.0073426483849855315, ""19"": -0.014576631700771267, ""20"": 0.024899787301530845, ""21"": -0.016795602865683365, ""22"": -0.018750037232410813, ""23"": 0.16900005243084212, ""24"": 0.2795726915225527, ""25"": 0.06006377860412511, ""26"": 0.011131508622582732, ""27"": -0.0803936100183969, ""28"": -0.10067512874657583, ""29"": -0.03800953664533307, ""30"": 0.030096465143155126, ""31"": 0.008327685933586904, ""32"": 0.03884017875576265, ""33"": 0.013367888074952613, ""34"": 0.00045346127881245587, ""35"": 0.04678361134872685, ""36"": 0.03640094416009061, ""37"": 0.03400436160852133, ""38"": -0.027741007858496904, ""39"": -0.015506629990826068, ""40"": -0.009121934057545612, ""41"": -0.004040065313443013, ""42"": 0.014524143876218162, ""43"": 0.056960114602070885, ""44"": 0.00507769708088203, ""45"": -0.004234106204915427, ""46"": 0.07364211564818636, ""47"": 0.027807225556557066, ""48"": 0.17832149449842705}","[1, 3, 4, 5, 23, 24, 27, 28, 48]","{""24"": 198.35668526840564, ""48"": 279.49087390681905}","{""24"": 2.38464256546341e-30, ""48"": 3.386161171676084e-35}",,278.6362304939306,348.7962135121792,3.6861011091049147,24,1.0,completed
Austria,2024-03-31,2024-03-31,preferred date is derived-valid,benchmark,2024-03-30T08:00:00+01:00,2024-03-30T07:00:00+00:00,2024-03-30T07:00:00+00:00,23,weekly_differenced,weekly_differenced_arima_p2_d0_q0,2,2,0,0,c,weekly_difference,False,,False,,,,,,False,success,converged,True,True,True,True,True,2336,4,-12748.155165403128,25504.310330806256,25504.327490823416,25527.33511218205,1.0841358977163513,inf,"[""DeprecationWarning: Setting the shape on a NumPy array has been deprecated in NumPy 2.5.\nAs an alternative, you can create a new view using np.reshape (with copy=False if needed).""]",[],0,2168,True,joint Ljung-Box and residual ACF rule,"{""1"": 0.10097760001129748, ""2"": -0.017993796940386966, ""3"": -0.09264380922750612, ""4"": -0.09831881458410201, ""5"": -0.09866340488011696, ""6"": 0.0003276430446111979, ""7"": -0.024343636605525108, ""8"": 0.025982106579166553, ""9"": 0.014037067540927482, ""10"": 0.02456666365257236, ""11"": 0.027631872018044568, ""12"": 0.09142767470996183, ""13"": -0.000797380864168347, ""14"": -0.004938412739582493, ""15"": -0.0038557701079756294, ""16"": 0.001148694346441851, ""17"": -0.004604085821696456, ""18"": 0.0291316578510264, ""19"": 0.01469613495812062, ""20"": 0.015034429063796519, ""21"": -0.05200616457115489, ""22"": 0.0036926306566623934, ""23"": 0.12631194989732153, ""24"": 0.2220207365545869, ""25"": 0.04706311659177597, ""26"": 0.01934314711785523, ""27"": -0.03554868512970911, ""28"": -0.06240088730883224, ""29"": -0.017601728779129404, ""30"": 0.02130782733613246, ""31"": -0.004575537898604902, ""32"": 0.05522376592016814, ""33"": 0.014889561780562678, ""34"": 0.01371194466058989, ""35"": 0.03452508813756794, ""36"": 0.05075426578518955, ""37"": 0.022294633208321056, ""38"": -0.005088227380978675, ""39"": -0.014341725891074323, ""40"": 0.008827697726681344, ""41"": 0.008168653271485983, ""42"": 0.0026391738271273235, ""43"": 0.03927268901984889, ""44"": 0.03357123344714589, ""45"": 0.02182191780803513, ""46"": 0.0553050614623937, ""47"": -0.002904822189474733, ""48"": 0.13472658836724796}","[1, 3, 4, 5, 12, 23, 24, 28, 48]","{""24"": 260.16365729092746, ""48"": 350.83523266470934}","{""24"": 1.3274753613467638e-42, ""48"": 1.5622094286425795e-48}",,493.1845376361614,524.9604149993689,9.460492112514013,23,1.0,completed
Austria,2024-07-25,2024-07-25,preferred date is derived-valid,benchmark,2024-07-24T08:00:00+02:00,2024-07-24T06:00:00+00:00,2024-07-24T06:00:00+00:00,24,weekly_differenced,weekly_differenced_arima_p2_d0_q0,2,2,0,0,c,weekly_difference,False,,False,,,,,,False,success,converged,True,True,True,True,True,5119,4,-30130.781777341013,60269.56355468203,60269.57137634804,60295.72641222786,1.156924662374365,inf,"[""DeprecationWarning: Setting the shape on a NumPy array has been deprecated in NumPy 2.5.\nAs an alternative, you can create a new view using np.reshape (with copy=False if needed).""]",[],0,4950,True,joint Ljung-Box and residual ACF rule,"{""1"": 0.13082702820852687, ""2"": -0.08012883163691517, ""3"": -0.09054965543501421, ""4"": -0.08794443151948587, ""5"": -0.033980697290155876, ""6"": 0.019233097739449125, ""7"": 0.010824317446213233, ""8"": 0.03394603982082638, ""9"": 0.06475375883048416, ""10"": 0.03250041264003264, ""11"": -0.01249094092823035, ""12"": 0.022376775723799917, ""13"": -0.005124582622211337, ""14"": 0.03481445304671267, ""15"": 0.018660059621568463, ""16"": 0.002999668053928819, ""17"": 0.01632027491111621, ""18"": 0.05672491142590232, ""19"": 0.022303769547052217, ""20"": -0.005830237519231691, ""21"": -0.008660230900772333, ""22"": 0.013372031888165685, ""23"": 0.10972067663598332, ""24"": 0.1471241075489013, ""25"": 0.03438849861727648, ""26"": -0.017618931194024603, ""27"": 0.008557282638872895, ""28"": -0.019624588035904736, ""29"": -0.038370439944330294, ""30"": -0.009458898236835404, ""31"": -0.009043441815466529, ""32"": 0.03436451191446018, ""33"": 0.021221925003722473, ""34"": 0.04130777420212618, ""35"": 0.03556380144014167, ""36"": 0.01053903653494124, ""37"": 0.025139523502461306, ""38"": 0.002770384989858707, ""39"": 0.04556944982172668, ""40"": 0.006035414408614109, ""41"": -0.012904776317575655, ""42"": 0.02878170227306923, ""43"": 0.015004159028873875, ""44"": 0.005949894990350069, ""45"": 0.02167564562929225, ""46"": 0.00864949924094855, ""47"": -0.010269129127684781, ""48"": 0.09283086643808164}","[1, 2, 3, 4, 9, 18, 23, 24, 48]","{""24"": 435.4456442745938, ""48"": 543.1974075100687}","{""24"": 1.9221017791866484e-78, ""48"": 3.78754383124422e-86}",,286.5322149926487,321.23225701964304,4.636959184244885,24,1.0,completed
Austria,2024-11-03,2024-11-03,preferred date is derived-valid,benchmark,2024-11-02T08:00:00+01:00,2024-11-02T07:00:00+00:00,2024-11-02T07:00:00+00:00,24,weekly_differenced,weekly_differenced_arima_p2_d0_q0,2,2,0,0,c,weekly_difference,False,,False,,,,,,False,success,converged,True,True,True,True,True,7544,4,-44876.356854136844,89760.71370827369,89760.71901401716,89788.42773957094,1.2528897813510615,inf,"[""DeprecationWarning: Setting the shape on a NumPy array has been deprecated in NumPy 2.5.\nAs an alternative, you can create a new view using np.reshape (with copy=False if needed).""]",[],0,7374,True,joint Ljung-Box and residual ACF rule,"{""1"": 0.1208827257168327, ""2"": -0.05766665400631662, ""3"": -0.07867330777740567, ""4"": -0.074608141301184, ""5"": -0.051897849300439544, ""6"": 0.014522280626200694, ""7"": 0.016411183769145903, ""8"": 0.038938772884505854, ""9"": 0.060321115839897424, ""10"": 0.036235372402351036, ""11"": 0.0079650565570579, ""12"": 0.03930826276761644, ""13"": 0.011444283618508582, ""14"": 0.022242471762325734, ""15"": 0.020897920920482423, ""16"": 0.006510176303587453, ""17"": 0.023117846767072393, ""18"": 0.04175856841514185, ""19"": 0.023507014939180025, ""20"": 0.00014585282209431648, ""21"": -0.006086664883101771, ""22"": 0.029981534968970835, ""23"": 0.11013803643042694, ""24"": 0.15467692608369557, ""25"": 0.04003434234080761, ""26"": -0.003140183041932947, ""27"": 0.008538088877137636, ""28"": -0.008219586360552832, ""29"": -0.03170543769546662, ""30"": -0.0022174886038639576, ""31"": 0.003226333394107746, ""32"": 0.031008627700784032, ""33"": 0.011191854994538146, ""34"": 0.03472509840078116, ""35"": 0.03649411665669114, ""36"": 0.025776091791408124, ""37"": 0.020696030862472053, ""38"": 0.00216418670628328, ""39"": 0.0325460629871318, ""40"": -0.0028769818612848913, ""41"": -3.172634376401238e-05, ""42"": 0.020361436030978418, ""43"": 0.016153360299719557, ""44"": 0.014407553027200775, ""45"": 0.010105656173023017, ""46"": 0.02972613325444782, ""47"": 0.013879875467835428, ""48"": 0.0969987427181105}","[1, 2, 3, 4, 5, 9, 23, 24, 48]","{""24"": 604.9796798067465, ""48"": 753.5718052074213}","{""24"": 7.802363622459454e-114, ""48"": 1.0311695671398266e-128}",,192.6756417880313,226.38010577450453,3.404656758346299,24,1.0,completed
